group,image,label,nuc_area,nuc_mean,nuc_integrated,cell_area,cell_mean,cell_integrated,cyto_area,cyto_mean,cyto_integrated,saturated_px,flag_saturated,flag_area_outlier,flag_no_cyto,keep
unknown,PB154766,1,109744.0,1.1569769963560177,126971.2834880948,193996.0,1.0036783512836804,194709.5854356289,84252.0,0.8039963674160149,67738.30194753408,38.0,True,False,False,False
unknown,PB154766,2,124160.0,1.3955886426953041,173276.28587704897,157328.0,1.2825758329333223,201785.09064373374,33168.0,0.8595273988990826,28508.80476668477,21215.0,True,False,False,False
unknown,PB154766,4,60976.0,1.0327338239105237,62971.97764676809,62736.0,1.032025892815741,64745.17641168833,1760.0,1.0074992982501334,1773.1987649202347,0.0,False,False,True,False
unknown,PB154766,6,73972.0,0.7687399068221112,56865.22838744521,310452.0,0.6345661022318627,197002.31557008624,235232.0,0.5921318558569368,139288.36071693897,0.0,False,True,False,False
unknown,PB154766,7,58528.0,0.8133088502653061,47601.34038832784,102116.0,0.7006965484036005,71552.32873678207,43588.0,0.5494858297800825,23950.988348454237,1.0,True,False,False,False
unknown,PB154766,8,71328.0,0.7675820923409938,54750.09548249841,166304.0,0.6371770141610784,105965.08616304398,94976.0,0.5392413944632914,51214.99068054557,17.0,True,False,False,False
unknown,PB154766,9,64736.0,0.8196363771169479,53059.98050904274,227696.0,0.6585658777266422,149952.81609484553,162960.0,0.5945804834671257,96892.8355858028,0.0,False,False,False,True
unknown,PB154766,10,54752.0,0.9496267891724658,51993.965960770845,106240.0,0.7563314536286249,80352.6536335051,51904.0,0.5528035211651304,28692.71396255493,0.0,False,False,False,True
unknown,PB154766,11,50384.0,0.9428399253651978,47504.046799600124,55248.0,0.9334029929230705,51568.6485530138,5200.0,0.8305211247389133,4318.709848642349,0.0,False,False,False,True
unknown,PB154766,12,81008.0,0.809535658821749,65578.86464983225,81584.0,0.8090021764977547,66001.63356739283,576.0,0.7339738152093358,422.7689175605774,0.0,False,False,True,False
unknown,PB154766,13,49632.0,0.8216048189901839,40777.890376120806,157152.0,0.6415697527350336,100823.969781816,106960.0,0.5572169300553262,59599.9228387177,0.0,False,False,False,True
unknown,PB154766,14,62464.0,0.7855995493930512,49071.690253287554,155184.0,0.6307073628291963,97875.69139328599,92720.0,0.5263589424072308,48804.001139998436,0.0,False,False,False,True
unknown,PB154766,16,53104.0,0.8654533120460919,45959.03268289566,129200.0,0.7766684851945369,100345.56828713417,76096.0,0.7147095196099468,54386.53560423851,0.0,False,False,False,True
unknown,PB154766,17,46304.0,0.7643036310925936,35390.31533411145,159464.0,0.5976098893776663,95297.26339972019,112600.0,0.5285469373263961,59514.385142952204,0.0,False,False,False,True
unknown,PB154766,18,59200.0,0.8925406127845918,52838.40427684784,140684.0,0.7030346519336923,98905.72697263956,81484.0,0.5653542130454042,46067.32269579172,0.0,False,False,False,True
unknown,PB154766,19,59776.0,0.783858909734826,46855.950188308954,71344.0,0.7817662007982226,55774.32782974839,12128.0,0.7701160560575827,9339.967527866364,0.0,False,False,False,True
unknown,PB154766,20,50608.0,0.7642211841912236,38675.705689549446,173280.0,0.5944563337678257,103007.39351528883,121968.0,0.5231920921072808,63812.69309014082,0.0,False,False,False,True
unknown,PB154766,21,48208.0,0.8504878095874469,41000.31632459164,67920.0,0.7905478921257073,53694.01283317804,20288.0,0.6430312459083856,13045.817916989326,0.0,False,False,False,True
unknown,PB154766,22,39424.0,1.0151720870892493,40022.144361406565,49696.0,0.9647710672582704,47945.26295846701,10560.0,0.7749689919902294,8183.672555416822,0.0,False,False,False,True
unknown,PB154766,23,39588.0,0.6998791830749527,27706.817099571228,153764.0,0.5791139839912537,89046.88263443112,114176.0,0.5372413251021221,61340.065534859896,0.0,False,False,False,True
unknown,PB154766,24,53920.0,0.9729122751654963,52459.42987692356,75224.0,0.9239272090218035,69501.50037145615,21304.0,0.7999469815308198,17042.070494532585,0.0,False,False,False,True
unknown,PB154766,25,43920.0,1.2293340814664606,53992.352858006954,100948.0,1.016148845716858,102578.19367742538,57028.0,0.8519646633130818,48585.84081941843,2510.0,True,False,False,False
unknown,PB154766,26,56240.0,0.8536197420877337,48007.57429501414,126592.0,0.6901931721376702,87372.93404725194,70240.0,0.559574267016151,39304.49651521444,0.0,False,False,False,True
unknown,PB154766,27,47664.0,0.8861065564296337,42235.38290566206,158016.0,0.6898093694189557,109000.9173181057,109760.0,0.604601111411288,66361.01798850298,0.0,False,False,False,True
unknown,PB154766,28,44928.0,0.9790528340708263,43986.88572913408,116768.0,0.8199666215785237,95745.86246848106,71552.0,0.7201073096010481,51525.11821657419,0.0,False,False,False,True
unknown,PB154766,29,52548.0,0.6465246163860452,33973.575541853905,86356.0,0.6135337399646238,52982.31964838505,33872.0,0.5621065694722622,19039.673721164465,0.0,False,False,False,True
unknown,PB154766,30,42544.0,0.7838624421536542,33348.64373898506,70816.0,0.7365637090472926,52160.495619893074,28640.0,0.6636519147072757,19006.990837216377,0.0,False,False,False,True
unknown,PB154766,31,39808.0,0.825624506278233,32866.4603459239,243040.0,0.6559693759210393,159426.7971238494,203232.0,0.6227382340277392,126560.33677792549,1.0,True,True,False,False
unknown,PB154766,32,36624.0,0.6568396137290878,24056.09401321411,111544.0,0.536533866151136,59847.133565962315,74904.0,0.4776541412809294,35778.20579850674,0.0,False,False,False,True
unknown,PB154766,33,51208.0,0.8519744882056013,43627.90959203243,182864.0,0.6861930539112309,125480.00661042333,131656.0,0.6217118628728724,81852.0970183909,0.0,False,False,False,True
unknown,PB154766,34,23024.0,1.439416297820809,33141.120841026306,45488.0,1.19237584488108,54238.79243195057,22464.0,0.939176976091714,21097.671590924263,3841.0,True,False,False,False
unknown,PB154766,35,48128.0,0.9368648459711311,45089.431306898594,53992.0,0.9224311718842793,49803.903832376,5768.0,0.8007076888677152,4618.481949388981,0.0,False,False,False,True
unknown,PB154766,36,34248.0,1.1697117797621386,40060.289033293724,103120.0,0.8748205633653375,90211.49649423361,68968.0,0.728592570824878,50249.57242465019,0.0,False,False,False,True
unknown,PB154766,37,56128.0,0.7349162586617412,41249.37976616621,101808.0,0.6546423100359514,66647.82430014014,45680.0,0.5560079801658041,25398.444533973932,0.0,False,False,False,True
unknown,PB154766,38,45853.0,0.5964946425105639,27351.06884303689,214641.0,0.5114555464023279,109779.32993534207,167860.0,0.4878886852833748,81896.9947116673,0.0,False,False,False,True
unknown,PB154766,39,35104.0,0.9023497028542902,31676.083968997,71632.0,0.7880855760569747,56452.14598411322,36528.0,0.6782758983551307,24776.062015116215,0.0,False,False,False,True
unknown,PB154766,40,38240.0,0.9444533135726362,36115.89471101761,142424.0,0.6776799761451078,96517.89292249084,104328.0,0.5805165041987926,60564.12585005164,0.0,False,False,False,True
unknown,PB154766,41,34960.0,0.7937096692195473,27748.090035915375,40512.0,0.7744443175672755,31374.288193285465,5600.0,0.6420489286950656,3595.4740006923676,0.0,False,False,False,True
unknown,PB154766,42,33320.0,0.8902377660874845,29662.722366034985,50388.0,0.8052058519169036,40572.71246638894,17068.0,0.6392072943727417,10909.990100353956,4.0,True,False,False,False
unknown,PB154766,43,33424.0,0.6632191335346395,22167.43631926179,102768.0,0.5356187132926242,55044.46392765641,69344.0,0.474114957435317,32877.02760839462,0.0,False,False,False,True
unknown,PB154766,44,44160.0,0.8335226153387971,36808.35869336128,128816.0,0.6804591534783504,87654.02631446719,84672.0,0.6003883904045362,50836.08579233289,0.0,False,False,False,True
unknown,PB154766,45,41888.0,0.7963608330837113,33357.9625762105,89188.0,0.7050263450380376,62879.8896612525,47540.0,0.6238682219811131,29658.69527298212,0.0,False,False,False,True
unknown,PB154766,46,33552.0,0.819397867049242,27492.437235236168,78348.0,0.6818632574329462,53422.622493356466,44796.0,0.5788504611599317,25930.1852581203,0.0,False,False,False,True
unknown,PB154766,47,42832.0,0.7534341668737249,32271.092235535383,136576.0,0.619349691499681,84588.30346626043,93328.0,0.5573880742665667,52019.91419515014,0.0,False,False,False,True
unknown,PB154766,48,43960.0,0.895550172739375,39368.38559362292,57828.0,0.8356229920091491,48322.40638190508,14608.0,0.6481267094004161,9467.834970921278,2.0,True,False,False,False
unknown,PB154766,50,27104.0,1.1593886267860039,31424.06934040785,31232.0,1.143964174856264,35728.28910911083,4144.0,1.0427878626611473,4321.312902867794,0.0,False,False,False,True
unknown,PB154766,51,44384.0,1.2895058488907063,57233.42759716511,51664.0,1.2722543368514623,65729.74805909395,7408.0,1.1660971910195912,8638.447991073132,4.0,True,False,False,False
unknown,PB154766,52,29504.0,0.6490831705196124,19150.549863010645,53760.0,0.5699188661839192,30638.838246047497,24704.0,0.4745114320307642,11722.330416887999,0.0,False,False,False,True
unknown,PB154766,53,65116.0,1.0743385537945307,69956.62926888466,115784.0,0.9931693133287215,114993.11577445269,50540.0,0.8886826021259936,44914.018711447716,0.0,False,False,False,True
unknown,PB154766,54,28400.0,0.7994724432179625,22705.017387390137,81088.0,0.6867480234271643,55687.0237236619,51920.0,0.624626851924487,32430.626151919365,0.0,False,False,False,True
unknown,PB154766,55,39008.0,1.0013959201341578,39062.45205259323,135308.0,0.807037698505457,109198.65690937638,95420.0,0.7273899293409981,69407.54705771804,0.0,False,False,False,True
unknown,PB154766,57,30752.0,0.8751555245629397,26912.78269135952,88072.0,0.6987813190637514,61543.06833258271,57624.0,0.6056238023100562,34898.46598431468,0.0,False,False,False,True
unknown,PB154766,59,35168.0,0.8722179961840777,30674.162489801645,232092.0,0.6700366722726784,155510.15134111047,196924.0,0.6339297843396885,124835.98885130882,0.0,False,False,False,True
unknown,PB154766,60,32832.0,0.6522848059942484,21415.814750403166,227760.0,0.5397064959531579,122923.55151829123,192988.0,0.5198684042440841,100328.3635982573,0.0,False,False,False,True
unknown,PB154766,61,28480.0,0.837735407581825,23858.704407930374,42944.0,0.7818962250032564,33577.75148653984,14464.0,0.6709568723005993,9704.720200955868,0.0,False,False,False,True
unknown,PB154766,62,28240.0,0.758696683480407,21425.594341486692,184660.0,0.5423067386172244,100142.36235305667,156196.0,0.5030642470992718,78576.62313991785,0.0,False,False,False,True
unknown,PB154766,63,23120.0,0.7507122519622624,17356.467265367508,54880.0,0.6300077576412881,34574.825739353895,32016.0,0.542467206341402,17367.630078226328,0.0,False,False,False,True
unknown,PB154766,64,24976.0,0.6808126154346755,17003.975883096457,41120.0,0.6439706899957724,26480.07477262616,16176.0,0.5826716126964366,9425.296006977558,0.0,False,False,False,True
unknown,PB154766,65,27680.0,1.0068927999521267,27870.792702674866,66036.0,0.8265720377594108,54583.51108548045,38484.0,0.6974316748243807,26839.96057394147,0.0,False,False,False,True
unknown,PB154766,67,29868.0,1.244778120750817,37179.0329105854,46320.0,1.1799065391235504,54653.270892202854,16452.0,1.0612447814164068,17459.599143862724,0.0,False,False,False,True
unknown,PB154766,68,30096.0,0.6419658267495244,19320.603521853685,173256.0,0.47825108674939826,82859.87028585374,142792.0,0.44364968256275505,63349.62547250092,0.0,False,False,False,True
unknown,PB154766,69,30416.0,0.7722127861326177,23487.6241030097,46192.0,0.7280299672163355,33629.16024565697,16208.0,0.6437166357837684,10433.359232783318,0.0,False,False,False,True
unknown,PB154766,71,25392.0,0.8855032484400982,22484.698484390974,36000.0,0.815464778246151,29356.73201686144,11296.0,0.6565257156341635,7416.114483803511,0.0,False,False,False,True
unknown,PB154766,72,28544.0,0.8534394839743044,24360.576630562544,59760.0,0.7309341125793686,43680.62256774306,31392.0,0.6191130799927752,19435.197807133198,0.0,False,False,False,True
unknown,PB154766,75,29720.0,0.7503322713498232,22299.875104516745,89544.0,0.5746744747848492,51458.651170134544,60080.0,0.4883296847229355,29338.847458153963,0.0,False,False,False,True
unknown,PB154766,76,31152.0,0.8352767562500378,26020.54151070118,43792.0,0.7842145729558199,34342.324578881264,12640.0,0.6583689136218421,8321.783068180084,30.0,True,False,False,False
unknown,PB154766,77,29520.0,0.8656139598427426,25552.924094557762,85584.0,0.7570036523511424,64787.40058282018,56064.0,0.6998158620195208,39234.476488262415,0.0,False,False,False,True
unknown,PB154766,78,26352.0,0.7297340692046399,19229.95219168067,37824.0,0.6883409813112641,26035.809277117252,11744.0,0.593107874299671,6965.458875775337,0.0,False,False,False,True
unknown,PB154766,79,28168.0,0.832654974300883,23454.225316107273,31020.0,0.8239334995442248,25558.417155861855,2852.0,0.7377951752295167,2104.1918397545815,0.0,False,False,False,True
unknown,PB154766,80,29328.0,0.6399464721659852,18768.350135684013,65384.0,0.581600905219534,38027.39358687401,35880.0,0.5339656400017715,19158.68716326356,0.0,False,False,False,True
unknown,PB154766,82,25872.0,0.9605446308067941,24851.210688233376,36652.0,0.8316660499078055,30482.224061220884,11660.0,0.5462251025014022,6368.984695166349,0.0,False,False,False,True
unknown,PB154766,83,25552.0,0.8124897967949369,20760.73928770423,50080.0,0.7080947520389868,35461.385182112455,24528.0,0.5993414014354299,14700.645894408226,0.0,False,False,False,True
unknown,PB154766,85,25520.0,0.8498991587926228,21689.426532387733,158596.0,0.653323061743006,103614.42430019379,132560.0,0.6153546951099663,81571.41838377714,0.0,False,False,False,True
unknown,PB154766,86,27888.0,0.7497334894812353,20908.56755465269,125168.0,0.6304287918766304,78909.51102161407,97280.0,0.5962268037310997,58000.943466961384,0.0,False,False,False,True
unknown,PB154766,87,25616.0,0.8432105658593344,21599.68185505271,89584.0,0.6591862380643666,59052.53995075822,63968.0,0.5854936545726849,37452.85809570551,0.0,False,False,False,True
unknown,PB154766,89,25680.0,0.7964573906055677,20453.02579075098,27904.0,0.7890460160667709,22017.540032327175,2128.0,0.6516452428317607,1386.701076745987,0.0,False,False,False,True
unknown,PB154766,91,26880.0,0.7757575705359202,20852.363496005535,55824.0,0.6621958843175312,36966.42304614186,29120.0,0.5570538880497954,16221.409220010042,0.0,False,False,False,True
unknown,PB154766,92,22692.0,1.1608186211117189,26341.296150267124,24888.0,1.1526960384798792,28688.299005687237,2196.0,1.0687626846175375,2347.0028554201126,15.0,True,False,False,False
unknown,PB154766,93,33780.0,0.9278461963644107,31342.644513189793,49856.0,0.8434298525496227,42050.03872871399,16076.0,0.666048408529746,10707.394215524197,12.0,True,False,False,False
unknown,PB154766,94,21696.0,1.1341796472509307,24607.16162675619,25360.0,1.1165408680538649,28315.476413846016,3344.0,1.0256387756237288,3429.736065685749,0.0,False,False,False,True
unknown,PB154766,95,29744.0,0.9150485528924569,27217.20415723324,33584.0,0.8925568385528008,29975.62886595726,4256.0,0.717113371756404,3052.0345101952553,0.0,False,False,False,True
unknown,PB154766,96,34500.0,0.8768329205150189,30250.735757768154,40060.0,0.8589881014136511,34411.06334263086,5560.0,0.7482603569896958,4160.327584862709,3.0,True,False,False,False
unknown,PB154766,99,27648.0,0.9976623406271554,27583.36839365959,69856.0,0.9359923050471377,65384.67846137285,42240.0,0.8954515179478083,37823.872118115425,0.0,False,False,False,True
unknown,PB154766,100,24064.0,0.5372430666676782,12928.217156291008,151312.0,0.540695407548485,81813.70350697637,127184.0,0.5412532381325817,68838.75183865428,0.0,False,False,False,True
unknown,PB154766,101,21224.0,0.8363878901414588,17751.49658036232,21592.0,0.8343733623320193,18015.78963947296,368.0,0.7181876606267431,264.2930591106415,0.0,False,False,True,False
unknown,PB154766,102,13760.0,0.8864444406833066,12197.4755038023,23504.0,0.8323527218037272,19563.618373274803,9744.0,0.7559670432545673,7366.142869472504,0.0,False,False,False,True
unknown,PB154766,103,16464.0,0.8699274991681497,14322.486346304417,25360.0,0.7905850988704042,20049.23810735345,8896.0,0.6437445774560513,5726.751761049032,0.0,False,False,False,True
unknown,PB154766,104,17616.0,0.7500319662288196,13212.563117086887,26000.0,0.7153778664309245,18599.824527204037,8976.0,0.6475678197109869,5812.568749725819,0.0,False,False,False,True
unknown,PB154766,105,31184.0,0.7673997993768791,23930.595343768597,168336.0,0.6988002648376153,117633.24138170481,137152.0,0.6832029138323628,93702.64603793621,0.0,False,False,False,True
unknown,PB154766,106,22708.0,1.1156552799737682,25334.30009764433,88416.0,0.8880358031798199,78516.57357394695,65792.0,0.8097075210288095,53272.27722352743,0.0,False,False,False,True
unknown,PB154766,107,18688.0,0.615443025302614,11501.39925685525,27484.0,0.5849920895539974,16077.922589302063,8460.0,0.511326950577134,4325.826001882553,0.0,False,False,False,True
unknown,PB154766,108,24544.0,1.0379135412136105,25474.549955546856,25168.0,1.0278201979210213,25868.178741276264,1344.0,0.8202654995645086,1102.4368314146996,0.0,False,False,True,False
unknown,PB154766,109,16768.0,0.5899028951152875,9891.49174529314,48768.0,0.505754456328585,24664.633326232433,31440.0,0.4591906969651163,14436.955512583256,0.0,False,False,False,True
unknown,PB154766,111,29616.0,0.7067640122833251,20931.522987782955,56612.0,0.6421933580948794,36355.85038846731,27108.0,0.5688553301105461,15420.530288636684,0.0,False,False,False,True
unknown,PB154766,112,25024.0,0.8749600771726455,21895.00097116828,93888.0,0.6640461287648501,62345.96293747425,68864.0,0.5874036066203818,40450.96196630597,0.0,False,False,False,True
unknown,PB154766,113,15696.0,0.6271391833081431,9843.576621204615,16096.0,0.6226689956460155,10022.480153918266,976.0,0.5366512606317391,523.7716303765774,0.0,False,False,True,False
unknown,PB154766,114,19664.0,1.3151589511121502,25861.285614669323,48460.0,0.9221155031679142,44685.71728351712,28860.0,0.6546493740820752,18893.18093600869,31.0,True,False,False,False
unknown,PB154766,115,17664.0,0.699554070970381,12356.92310962081,46656.0,0.6170821808954376,28790.58623185754,28880.0,0.5665568494214741,16362.161811292171,0.0,False,False,False,True
unknown,PB154766,116,25712.0,0.8424960500859164,21662.258439809084,35632.0,0.807471912706352,28771.839193552732,9920.0,0.7166916082402871,7109.5807537436485,0.0,False,False,False,True
unknown,PB154766,117,24256.0,0.7612929580140967,18465.92198958993,64912.0,0.6748335394523496,43804.79471293092,40656.0,0.6232505097240503,25338.872723340988,0.0,False,False,False,True
unknown,PB154766,118,28368.0,0.8478247516720782,24051.09255543351,69840.0,0.7034667785711509,49130.11981540918,41472.0,0.6047219150264196,25079.02725997567,0.0,False,False,False,True
unknown,PB154766,119,25432.0,0.8144256919692732,20712.474198162556,54637.0,0.7392141471334666,40388.44335693121,29205.0,0.6737191973555438,19675.969158768654,0.0,False,False,False,True
unknown,PB154766,120,14320.0,0.8522098564610467,12203.64514452219,14832.0,0.8492105454126093,12595.490809559822,512.0,0.765323564526625,391.845665037632,0.0,False,False,True,False
unknown,PB154766,121,30400.0,0.8199312401484502,24925.909700512886,146060.0,0.6843948564057429,99962.71272662282,115660.0,0.6487705604885866,75036.80302610993,0.0,False,False,False,True
unknown,PB154766,122,12016.0,0.8905407668310856,10700.737854242325,12784.0,0.8805362790244841,11256.775791049004,768.0,0.7240077302170297,556.0379368066788,0.0,False,False,True,False
unknown,PB154766,123,21168.0,1.1863434614834691,25112.518392682076,22416.0,1.1684329370668238,26191.592717289925,1648.0,0.9507211321621265,1566.7884258031845,4.0,True,False,True,False
unknown,PB154766,124,11424.0,0.7574036529376393,8652.579331159592,23744.0,0.6925570443824858,16444.07446181774,12320.0,0.6324265528131615,7791.49513065815,0.0,False,False,False,True
unknown,PB154766,125,13936.0,0.6847247157104732,9542.323638141155,64752.0,0.582543814773891,37720.877094239,51040.0,0.5550661219412397,28330.574863880873,0.0,False,False,False,True
unknown,PB154766,127,19664.0,0.9609495101510217,18896.11116760969,70244.0,0.843960186536685,59283.139343082905,50580.0,0.7984782162015266,40387.02817547321,0.0,False,False,False,True
unknown,PB154766,128,21944.0,0.9439802390899791,20714.7023665905,36964.0,0.878000712743983,32454.418345868587,15148.0,0.7776715413487489,11780.16850835085,0.0,False,False,False,True
unknown,PB154766,130,16528.0,0.9981340064314651,16497.158858299255,19136.0,0.9904222958331872,18952.72105306387,2608.0,0.9415499213054502,2455.562194764614,0.0,False,False,False,True
unknown,PB154766,131,24816.0,0.9305478107859095,23092.47447246313,51904.0,0.7545822107097601,39165.835064679384,27088.0,0.5933756863635652,16073.360592216253,0.0,False,False,False,True
unknown,PB154766,132,24304.0,0.8200298057546578,19930.004399061203,81696.0,0.6720254469843113,54901.7909168303,57392.0,0.6093495002399132,34971.7865177691,0.0,False,False,False,True
unknown,PB154766,133,10512.0,0.6439319047481502,6769.012182712555,10816.0,0.6333972506429009,6850.824662953615,848.0,0.5235031490688616,443.93067041039467,0.0,False,True,True,False
unknown,PB154766,134,25456.0,1.0615643636188292,27023.182440280914,83296.0,0.9532242075096826,79399.76358872652,57072.0,0.9029205302760853,51531.48050391674,0.0,False,False,False,True
unknown,PB154766,135,24208.0,0.943984875171116,22851.985858142376,118528.0,0.7434020633220906,88113.95976144075,94304.0,0.6919152787745929,65250.37844955921,0.0,False,False,False,True
unknown,PB154766,136,24000.0,0.9888258880327145,23731.82131278515,27056.0,0.9872751163020246,26711.715546667576,3536.0,0.9340039611840409,3302.638006746769,3.0,True,False,False,False
unknown,PB154766,138,24612.0,0.8702269084842422,21418.02467161417,26388.0,0.857766550109389,22634.743724286556,1776.0,0.6850895566849021,1216.7190526723862,0.0,False,False,True,False
unknown,PB154766,139,20176.0,0.967933020738384,19529.016626417637,20608.0,0.9657122834805423,19901.398737967014,432.0,0.8619956285865219,372.38211154937744,0.0,False,False,True,False
unknown,PB154766,140,23872.0,0.8857363715553132,21144.298661768436,24864.0,0.8781599478707427,21834.568943858147,1760.0,0.7468758425252005,1314.5014828443527,0.0,False,False,True,False
unknown,PB154766,141,10304.0,0.9335717889104292,9619.523712933064,11024.0,0.9148463339792194,10085.265985786915,1024.0,0.7349069713964127,752.5447387099266,0.0,False,True,True,False
unknown,PB154766,142,16608.0,1.0410013393192106,17288.95024341345,191944.0,0.7943105737931052,152463.1487761438,174600.0,0.7701111266732148,134461.4027171433,0.0,False,False,False,True
unknown,PB154766,143,8448.0,0.6337728515041597,5354.113049507141,30256.0,0.60370022438305,18265.553988933563,21808.0,0.5920506667015051,12911.440939426422,0.0,False,False,False,True
unknown,PB154766,144,5584.0,0.6733235113087903,3759.838487148285,191524.0,0.6311699100563392,120884.1858536303,185940.0,0.6299039871274713,117124.34736648202,0.0,False,False,False,True
unknown,PB154766,146,1088.0,0.5715146076810711,621.8078931570053,14672.0,0.5422875391585487,7956.4427745342255,13584.0,0.5399466196538001,7334.63488137722,0.0,False,False,False,True
unknown,PB154769,2,86824.0,1.4797500359871185,128477.81712454557,213960.0,1.2170933752672586,260409.29857218266,125456.0,1.0356068188796586,129923.08906936646,0.0,False,False,False,True
unknown,PB154769,3,45376.0,1.2114453611616964,54970.54470807314,45376.0,1.2054454120761375,54698.291018366814,1584.0,0.8953014067703425,1418.1574283242226,6.0,True,False,True,False
unknown,PB154769,4,46864.0,1.2220544323398925,57270.35891717672,94144.0,1.02250440971879,96262.65514856577,46980.0,0.8178922003028036,38424.575570225716,19.0,True,False,False,False
unknown,PB154769,6,60976.0,1.2244889774738303,74664.43989044428,163480.0,0.9407021476835895,153785.9871033132,102424.0,0.7715836247011855,79028.68117639422,0.0,False,False,False,True
unknown,PB154769,7,57296.0,1.5519578396011102,88920.9763777852,57632.0,1.5496803468433538,89311.17774927616,1232.0,1.207935591167831,1488.1766483187675,3.0,True,False,True,False
unknown,PB154769,8,55664.0,1.336560309323027,74398.29305815697,166176.0,0.9221088770015142,153232.36474460363,109712.0,0.7118536404362396,78098.88659954071,0.0,False,False,False,True
unknown,PB154769,9,54320.0,1.2808696621329427,69576.84004706144,188448.0,0.9904512141736806,186648.55040860176,134128.0,0.8728357267799439,117071.71036154032,1723.0,True,False,False,False
unknown,PB154769,11,46672.0,1.1603889895113295,54157.67491847277,64560.0,1.061489661760822,68529.77256327868,18224.0,0.8062022078072585,14692.22903507948,0.0,False,False,False,True
unknown,PB154769,12,43200.0,1.0060383287403318,43460.85580158234,73984.0,0.9358636288574146,69238.93471738696,30560.0,0.8398149739609573,25664.745604246855,0.0,False,False,False,True
unknown,PB154769,13,47776.0,1.4332135056519142,68473.20844602585,47776.0,1.4332135056519142,68473.20844602585,0.0,,0.0,0.0,False,False,True,False
unknown,PB154769,14,47392.0,1.3128148768924726,62216.92264568806,49808.0,1.3069474111812849,65096.43665611744,2416.0,1.1918518255088504,2879.5140104293823,1395.0,True,False,False,False
unknown,PB154769,15,42048.0,1.293357783540108,54383.108082294464,73376.0,1.1472579343467821,84181.19819062948,31328.0,0.9511647761853619,29798.090108335018,0.0,False,False,False,True
unknown,PB154769,16,49460.0,0.8775465133240288,43403.45054900646,174040.0,0.8013125074167302,139460.42879080772,124484.0,0.7708891027102085,95963.35906177759,3.0,True,False,False,False
unknown,PB154769,17,52592.0,1.2894264274218143,67813.51467096806,52656.0,1.289156493732258,67881.82433396578,64.0,1.067338484339416,68.30966299772263,20.0,True,False,True,False
unknown,PB154769,18,45072.0,1.2440334567968774,56071.07596474886,82640.0,1.0704701638882412,88463.65434372425,38816.0,0.8548473731107143,33181.75563466549,8.0,True,False,False,False
unknown,PB154769,20,39760.0,1.5078928698356482,59953.820504665375,40736.0,1.4957839727828985,60932.25591528416,976.0,1.0024952977651456,978.435410618782,4367.0,True,False,True,False
unknown,PB154769,22,56992.0,1.026153426915449,58482.53610676527,57728.0,1.023453482777756,59081.92265379429,736.0,0.814383895419862,599.3865470290184,0.0,False,False,True,False
unknown,PB154769,24,38352.0,1.2473484902181473,47838.30929684639,44880.0,1.1970148164028578,53722.024960160255,7104.0,0.8769193618717763,6229.635146737099,0.0,False,False,False,True
unknown,PB154769,25,42384.0,1.3219904805332838,56031.2445269227,42480.0,1.3205502391717416,56096.97416001558,1012.0,1.0230760416494529,1035.3529541492462,345.0,True,False,True,False
unknown,PB154769,26,71272.0,1.3395399877784602,95471.69400894642,101516.0,1.2473695638845226,126627.9686473012,30244.0,1.0301638221913365,31156.27463835478,219.0,True,False,False,False
unknown,PB154769,28,42992.0,1.3827913506424445,59448.96574681997,43616.0,1.376604965542903,60042.002177119255,896.0,0.9819348163769713,879.8135954737663,878.0,True,False,True,False
unknown,PB154769,29,50112.0,1.4736444057520874,73847.2684610486,53568.0,1.4444051987692945,77373.89768767357,3456.0,1.020436697518798,3526.6292266249657,834.0,True,False,False,False
unknown,PB154769,30,67096.0,1.0886249642628616,73042.38060218096,113000.0,1.0201834159461798,115280.72600191832,45504.0,0.9188146388954608,41809.741328299046,30.0,True,False,False,False
unknown,PB154769,31,59397.0,0.9623295430430865,57159.48786813021,260145.0,0.7798228384805589,202867.01231652498,200748.0,0.7258230440572,145707.52444839478,0.0,False,False,False,True
unknown,PB154769,32,48336.0,1.3001411123480555,62843.62080645561,122952.0,1.0904567005008903,134073.83223998547,74360.0,0.9522483816168974,70809.18965703249,0.0,False,False,False,True
unknown,PB154769,34,44720.0,1.6030492914997188,71688.36431586742,44784.0,1.6059572250662466,71921.18836736679,1264.0,1.3194595730474479,1667.796900331974,198.0,True,False,True,False
unknown,PB154769,35,34800.0,1.2697364360522265,44186.82797461748,34816.0,1.2696727245433175,44204.92557770014,16.0,1.1311001926660538,18.09760308265686,1129.0,True,False,True,False
unknown,PB154769,36,42528.0,0.8946540768421553,38047.84857994318,98688.0,0.760972260813387,75098.83047515154,56448.0,0.6605544223929513,37286.97603523731,24.0,True,False,False,False
unknown,PB154769,37,39152.0,1.3351203883131475,52272.63344323635,116308.0,1.0797829555188887,125587.39599049091,77156.0,0.950214663114399,73314.76254725456,1344.0,True,False,False,False
unknown,PB154769,38,35856.0,1.284359830553406,46052.00608432293,47328.0,1.249420893434599,59132.592044472694,11472.0,1.1402184414356489,13080.585960149765,178.0,True,False,False,False
unknown,PB154769,39,35824.0,1.599480959652936,57299.80589860678,48880.0,1.5352276191054408,75041.92602187395,13056.0,1.3589246417943608,17742.120123267174,18245.0,True,False,False,False
unknown,PB154769,40,42609.0,1.27101276685157,54156.58298277855,56829.0,1.2265824572270032,69705.45446175337,14140.0,1.0931873472441709,15457.669090032578,352.0,True,False,False,False
unknown,PB154769,41,40016.0,1.8370599791315234,73511.79212492704,41456.0,1.8188762028806922,75403.33186662197,2160.0,1.2491677468021711,2698.2023330926895,2167.0,True,False,False,False
unknown,PB154769,42,39424.0,1.417499987715432,55883.51951569319,53632.0,1.3172036629428017,70644.26685094833,14208.0,1.0389039509610885,14760.747335255146,92.0,True,False,False,False
unknown,PB154769,43,43104.0,1.1320055147927495,48793.965709626675,52320.0,1.1103326064731003,58092.60197067261,10192.0,0.9891534991492188,10081.452463328838,0.0,False,False,False,True
unknown,PB154769,45,39728.0,1.1285006288488546,44833.072982907295,92208.0,0.9016920892376619,83143.22416442633,52912.0,0.7314743594524721,38703.771307349205,0.0,False,False,False,True
unknown,PB154769,46,40136.0,1.2455989013253181,49993.35750359297,80744.0,1.0844779153448862,87565.0847966075,40496.0,0.9250388041591984,37460.371413230896,0.0,False,False,False,True
unknown,PB154769,47,36464.0,1.184868188028131,43205.03360825777,114144.0,0.8553976365590934,97638.50782740116,77440.0,0.7007560754887575,54266.55048584938,0.0,False,False,False,True
unknown,PB154769,48,40752.0,0.8756688091835182,35685.25531184673,152256.0,0.7595160366632999,115640.8736782074,110528.0,0.7163144376454632,79172.80216407776,0.0,False,False,False,True
unknown,PB154769,49,35792.0,1.2422008904635533,44460.8542714715,35808.0,1.242099502401042,44477.09898197651,16.0,1.0152944065630436,16.244710505008698,0.0,False,False,True,False
unknown,PB154769,50,36656.0,1.182868044607143,43359.21104311943,36656.0,1.182868044607143,43359.21104311943,0.0,,0.0,1.0,True,False,True,False
unknown,PB154769,51,33104.0,1.3032938095503754,43144.23827135563,34384.0,1.2997064743712787,44689.10741478205,1856.0,1.1101430896027336,2060.4255743026733,0.0,False,False,True,False
unknown,PB154769,52,38752.0,1.1986340299713203,46449.465929448605,39120.0,1.1971265008402627,46831.588712871075,368.0,1.0383771288654078,382.1227834224701,404.0,True,False,True,False
unknown,PB154769,53,33200.0,1.0796106066043119,35843.07213926315,151568.0,0.9511903518625843,144170.01925110817,118368.0,0.9151708832779554,108326.94711184502,0.0,False,False,False,True
unknown,PB154769,54,35776.0,1.1433711081280078,40905.24476438761,67824.0,0.9736941828005549,66039.83425426483,32048.0,0.7842795023052055,25134.589489877224,0.0,False,False,False,True
unknown,PB154769,55,42964.0,1.2451361442880806,53496.02930319309,43924.0,1.241179798064027,54517.58145016432,960.0,1.0641168197616935,1021.5521469712257,14.0,True,False,True,False
unknown,PB154769,56,35196.0,1.2834793845284105,45173.34041786194,36620.0,1.2759850292649184,46726.57177168131,1424.0,1.0907523552102318,1553.2313538193703,0.0,False,False,True,False
unknown,PB154769,57,36000.0,1.1980319164014526,43129.14899045229,62304.0,1.032910513672949,64354.45664387941,26304.0,0.8069231924204351,21225.307653427124,0.0,False,False,False,True
unknown,PB154769,58,34768.0,0.9571804940765677,33279.251418054104,86284.0,0.9215259386314525,79512.94408887625,51516.0,0.8974627818701402,46233.69267082214,0.0,False,False,False,True
unknown,PB154769,59,43488.0,0.880624639022495,38296.604301810265,90080.0,0.7930695840013652,71439.70812684298,46160.0,0.711395246458064,32838.00457650423,0.0,False,False,False,True
unknown,PB154769,60,30912.0,0.8850555003873279,27358.83562797308,85776.0,0.7565837018101479,64896.72360646725,54736.0,0.6836477638127266,37420.144000053406,331.0,True,False,False,False
unknown,PB154769,61,32792.0,1.0694752146366544,35070.23123836517,33400.0,1.0638125527386895,35531.339261472225,688.0,0.7720111709867798,531.1436856389046,0.0,False,False,True,False
unknown,PB154769,63,39120.0,0.8884729210873933,34757.060672938824,138624.0,0.7043791015489269,97643.84857311845,99504.0,0.6320026119571035,62886.787900179625,0.0,False,False,False,True
unknown,PB154769,64,29072.0,1.3075424327638592,38012.87360531092,163808.0,1.0174303437821666,166663.22975426912,134736.0,0.9548328297482351,128650.3561489582,107.0,True,False,False,False
unknown,PB154769,65,29792.0,1.1902589866917512,35460.19573152065,440121.0,0.8508575669338801,374480.28321650624,408773.0,0.8254638212229406,337427.3225927651,0.0,False,True,False,False
unknown,PB154769,66,31472.0,1.1844010984077178,37275.471369087696,82640.0,0.888324626991372,73411.14717456698,51376.0,0.7081984489957786,36384.40351560712,0.0,False,False,False,True
unknown,PB154769,67,33248.0,1.1414992562221782,37952.56727087498,33248.0,1.1414992562221782,37952.56727087498,0.0,,0.0,0.0,False,False,True,False
unknown,PB154769,68,37200.0,1.283604408685238,47750.08400309086,38320.0,1.2757480947701318,48886.66699159145,1120.0,1.0148062397326743,1136.582988500595,1004.0,True,False,True,False
unknown,PB154769,69,28336.0,1.0823681471413942,30669.983817398548,74704.0,0.966653903083376,72212.91317594051,46368.0,0.895939642825698,41542.929358541965,0.0,False,False,False,True
unknown,PB154769,70,38708.0,1.2445236884440176,48173.02293229103,110092.0,1.0992640494229389,121020.17772907019,71384.0,1.0204969572562361,72847.15479677916,92.0,True,False,False,False
unknown,PB154769,71,32992.0,1.045645485452361,34497.93585604429,184944.0,0.8748630837146819,161800.67815452814,151952.0,0.837782604365088,127302.74229848385,0.0,False,False,False,True
unknown,PB154769,72,33824.0,1.1137134328558547,37670.24315291643,43392.0,1.076932172260761,46730.24081873894,9568.0,0.9469061105583723,9059.997665822506,0.0,False,False,False,True
unknown,PB154769,73,37744.0,0.9781679493620291,36919.971080720425,197060.0,0.7548095971046457,148742.77920544147,158756.0,0.7012830817799152,111332.89693105221,0.0,False,False,False,True
unknown,PB154769,74,30784.0,1.4201944431932856,43719.265739262104,84128.0,1.3325371259562004,112103.68333244324,52912.0,1.282282127385679,67848.11192423105,0.0,False,False,False,True
unknown,PB154769,75,33632.0,0.8707223851198276,29284.13525635004,114704.0,0.7530008662538284,86372.21136277914,80912.0,0.7024431546071914,56836.08052557707,0.0,False,False,False,True
unknown,PB154769,76,25712.0,1.0859692393759799,27922.441082835197,25712.0,1.0859692393759799,27922.441082835197,0.0,,0.0,0.0,False,False,True,False
unknown,PB154769,77,30704.0,1.1477414789595537,35240.254369974136,30704.0,1.1477414789595537,35240.254369974136,0.0,,0.0,0.0,False,False,True,False
unknown,PB154769,78,31805.0,1.2364252424337563,39324.50483560562,99349.0,0.99809570575771,99159.81027132273,67544.0,0.8858715124321495,59835.305435717106,0.0,False,False,False,True
unknown,PB154769,79,34248.0,1.0602229713829732,36310.516323924065,52608.0,1.0307942797246314,54228.02546775341,18488.0,0.9711753634606177,17955.0901196599,0.0,False,False,False,True
unknown,PB154769,80,29408.0,1.2467745051570278,36665.14464765787,44472.0,1.1707406465643,52065.17803400755,15080.0,1.0222060815606573,15414.867709934711,0.0,False,False,False,True
unknown,PB154769,81,34800.0,1.1787259812516042,41019.66414755583,127992.0,0.9554550397338528,122290.60144561529,92712.0,0.87131981241576,80781.80244868994,0.0,False,False,False,True
unknown,PB154769,82,26808.0,1.124167053590903,30136.67037266493,27544.0,1.115376461873974,30721.929265856743,752.0,0.7953997641167743,598.1406226158142,0.0,False,False,True,False
unknown,PB154769,83,33376.0,1.0171302687626758,33947.739850223064,124448.0,0.8005611724207045,99628.23678541183,91072.0,0.7211930882728914,65680.49693518877,0.0,False,False,False,True
unknown,PB154769,84,27376.0,1.2009185013594785,32876.34489321709,27376.0,1.2049151024732723,32985.755845308304,1168.0,0.8948583685065785,1045.1945744156837,0.0,False,False,True,False
unknown,PB154769,85,28512.0,1.2231790721332854,34875.28170466423,50944.0,1.082969776979512,55170.81231844425,22432.0,0.9047579624545302,20295.53061378002,0.0,False,False,False,True
unknown,PB154769,86,37728.0,1.2236922812475124,46167.46238690615,133596.0,0.9613406345885779,128431.26341849566,95980.0,0.8582533539422081,82375.15691137314,9.0,True,False,False,False
unknown,PB154769,87,19008.0,1.2703512541115636,24146.8366381526,23856.0,1.2433989674907295,29662.525768458843,4848.0,1.137724655591222,5515.689130306244,316.0,True,False,False,False
unknown,PB154769,88,23632.0,1.2951336146364483,30606.597581088543,26112.0,1.2860177025796993,33580.494249761105,2480.0,1.1991518825292586,2973.8966686725616,0.0,False,False,False,True
unknown,PB154769,91,29040.0,1.019771701091331,29614.17019969225,95259.0,0.7905611301003053,75308.06269222498,66827.0,0.6910343379911003,46179.75170493126,0.0,False,False,False,True
unknown,PB154769,92,32512.0,1.037824573906461,33741.75254684687,106416.0,0.8213344060288947,87403.12215197086,73904.0,0.7260956051786641,53661.369605124,0.0,False,False,False,True
unknown,PB154769,93,33068.0,1.0509509378445974,34752.84561264515,137356.0,0.8623934966879818,118454.92113107443,104288.0,0.8026050506139659,83702.07551842928,0.0,False,False,False,True
unknown,PB154769,94,29904.0,1.1197372255692386,33484.62199342251,92712.0,0.9913484783493903,91909.90012472868,62840.0,0.9301854568348046,58452.85410749912,0.0,False,False,False,True
unknown,PB154769,95,30048.0,1.2154636513342618,36522.2517952919,30048.0,1.2104906815523728,36372.8239992857,656.0,0.776557920727788,509.4219959974289,40.0,True,False,True,False
unknown,PB154769,96,28848.0,1.0507089639587728,30310.852192282677,84600.0,0.9655277326717162,81683.6461840272,55464.0,0.9207584484680879,51068.946585834026,0.0,False,False,False,True
unknown,PB154769,97,25280.0,1.1315991831542571,28606.827350139618,25616.0,1.1306184117009237,28961.92123413086,336.0,1.0568270356882186,355.09388399124146,25.0,True,False,True,False
unknown,PB154769,98,29312.0,1.3119622719388733,38456.23811507225,32960.0,1.3053925394577888,43025.73810052872,3648.0,1.2526041626799524,4569.499985456467,258.0,True,False,False,False
unknown,PB154769,99,26384.0,1.1547891706738818,30467.957479059696,236060.0,0.7667736705819005,181004.59267756343,209676.0,0.7179488124463635,150536.63519850373,0.0,False,False,False,True
unknown,PB154769,100,25664.0,1.1000497406766636,28231.676544725895,25664.0,1.1000497406766636,28231.676544725895,0.0,,0.0,0.0,False,False,True,False
unknown,PB154769,101,26520.0,0.9057893042313567,24021.53234821558,136448.0,0.6407211445720594,87425.11873456836,109544.0,0.5758497397436628,63080.8838904798,0.0,False,False,False,True
unknown,PB154769,102,22320.0,1.0295983718688129,22980.635660111904,24792.0,1.0227138662446926,25355.12217193842,3128.0,0.9183318991109234,2872.542180418968,0.0,False,False,False,True
unknown,PB154769,103,23456.0,1.1362914876023875,26652.8531332016,166864.0,0.8682161391176828,144874.01783773303,143408.0,0.8243693845847612,118221.16470453143,0.0,False,False,False,True
unknown,PB154769,104,22660.0,0.8455881877037034,19161.028333365917,201456.0,0.7122519319466806,143487.42520225048,178796.0,0.695353346097701,124326.39686888456,0.0,False,False,False,True
unknown,PB154769,107,20928.0,1.159654612954854,24269.251739919186,21456.0,1.1517430824143597,24711.7995762825,528.0,0.838158780991128,442.5478363633156,7.0,True,False,True,False
unknown,PB154769,108,35120.0,1.0174820298672673,35733.96888893843,152048.0,0.7849645786487977,119352.29425439239,116352.0,0.7143744238935579,83118.89296886325,3.0,True,False,False,False
unknown,PB154769,109,24336.0,1.0408196414402642,25329.38679409027,43024.0,0.9826511291405355,42277.5821801424,18688.0,0.9069025784488512,16948.19538605213,0.0,False,False,False,True
unknown,PB154769,110,26800.0,1.321955104890599,35428.39681106806,26992.0,1.3207041706821412,35648.44697505236,192.0,1.1460946040848892,220.0501639842987,0.0,False,False,True,False
unknown,PB154769,111,34992.0,0.9866311207403453,34524.19617694616,210016.0,0.7038903533719888,147828.2364537716,172976.0,0.6467293433658279,111868.65489804745,0.0,False,False,False,True
unknown,PB154769,112,33664.0,1.116899880980754,37599.317593336105,49408.0,1.052860261713169,52019.71981072426,16736.0,0.9125856971706533,15273.034227848053,0.0,False,False,False,True
unknown,PB154769,113,29728.0,1.0983086667926851,32650.520046412945,37328.0,1.0742889173772783,40101.05670785904,7600.0,0.9803337712429072,7450.5366614460945,0.0,False,False,False,True
unknown,PB154769,114,23728.0,1.268489002824754,30098.707059025764,23728.0,1.268489002824754,30098.707059025764,0.0,,0.0,0.0,False,False,True,False
unknown,PB154769,115,30096.0,1.206663757909222,36315.752458035946,232364.0,1.039723192915079,241594.23999851942,202268.0,1.0148836570316782,205278.48754048347,29.0,True,False,False,False
unknown,PB154769,116,15024.0,1.242822430099542,18672.16418981552,15024.0,1.242822430099542,18672.16418981552,0.0,,0.0,38.0,True,False,True,False
unknown,PB154769,118,29024.0,1.058329615193648,30716.958751380444,30704.0,1.049148752454546,32213.06329536438,1680.0,0.8905384190380573,1496.1045439839363,0.0,False,False,True,False
unknown,PB154769,119,23872.0,1.2306503141673417,29378.08429980278,198528.0,0.8828697226837104,175274.36030495167,174656.0,0.8353350357568529,145896.2760051489,0.0,False,False,False,True
unknown,PB154769,120,30592.0,1.218868218099301,37287.616528093815,30992.0,1.2175092694258713,37733.04727804661,400.0,1.1135768748819828,445.4307499527931,0.0,False,False,True,False
unknown,PB154769,121,25360.0,1.1611523948421802,29446.82473319769,108096.0,0.8805487437993663,95183.7970097363,82736.0,0.7945389223136072,65736.97227653861,0.0,False,False,False,True
unknown,PB154769,122,22176.0,1.0391185402596024,23043.49274879694,335980.0,0.7948213195431246,267044.066940099,309684.0,0.776469676538901,240460.235309273,0.0,False,True,False,False
unknown,PB154769,123,28380.0,1.189002882136351,33743.90179502964,64824.0,1.0733078262792477,69576.10653072596,36444.0,0.9832127300981318,35832.204735696316,0.0,False,False,False,True
unknown,PB154769,124,13632.0,0.8348203526608681,11380.271047472954,13648.0,0.8398958910256624,11462.89912071824,544.0,0.8557313310858958,465.5178441107273,0.0,False,True,True,False
unknown,PB154769,125,22768.0,1.233002705465497,28073.005598038435,116560.0,0.8048019410115484,93807.71424430609,93968.0,0.7021955069859851,65983.90740045905,0.0,False,False,False,True
unknown,PB154769,126,26448.0,1.147331399594068,30344.62085646391,26560.0,1.1467017742995935,30456.399125397205,112.0,0.9980202583330018,111.7782689332962,0.0,False,False,True,False
unknown,PB154769,128,14880.0,1.1445526014933343,17030.942710220814,16336.0,1.109280565649592,18121.207320451736,2352.0,0.8208758247648777,1930.6999398469925,2.0,True,False,False,False
unknown,PB154769,129,16592.0,1.1755288029152438,19504.373897969723,17040.0,1.1720359146874835,19971.49198627472,720.0,0.9335756567617257,672.1744728684425,0.0,False,False,True,False
unknown,PB154769,130,24224.0,1.1382982365078387,27574.136481165886,45328.0,1.0652566459759718,48285.95324879885,21104.0,0.9814166398613041,20711.81676763296,0.0,False,False,False,True
unknown,PB154769,131,29888.0,1.3947581076751239,41686.5303221941,32048.0,1.3666664302066394,43798.925755262375,2704.0,1.0282307835901983,2780.336038827896,0.0,False,False,False,True
unknown,PB154769,132,13792.0,1.1712133402173384,16153.37438827753,14912.0,1.149003175131241,17133.935347557068,1120.0,0.8755008564995868,980.5609592795372,8.0,True,False,True,False
unknown,PB154769,133,20544.0,1.4295108464700272,29367.870829880238,35008.0,1.343744814184782,47041.81845498085,14784.0,1.216812926634856,17989.36230736971,0.0,False,False,False,True
unknown,PB154769,134,21360.0,1.4137706560644319,30198.141213536263,21360.0,1.4137706560644319,30198.141213536263,0.0,,0.0,343.0,True,False,True,False
unknown,PB154769,135,15744.0,1.12669264605814,17738.649019539356,17376.0,1.119232099976658,19447.776969194412,1632.0,1.047259773072951,1709.127949655056,0.0,False,False,True,False
unknown,PB154769,136,19152.0,0.951375773803657,18220.748819887638,101012.0,0.7723629909643102,78017.9304432869,81844.0,0.7304517551211515,59783.09344613552,0.0,False,False,False,True
unknown,PB154769,137,20080.0,0.9462266947524957,19000.23203063011,22400.0,0.9409386332758836,21077.02538537979,2320.0,0.8951695494610687,2076.7933547496796,0.0,False,False,False,True
unknown,PB154769,138,9984.0,1.1221906730654434,11203.951679885387,48572.0,0.9905382251534324,48112.42267215252,38572.0,0.9565381432864029,36895.58926284313,0.0,False,False,False,True
unknown,PB154769,139,12592.0,1.117722021938885,14074.35570025444,56308.0,0.9596452285889122,54035.70353138447,43716.0,0.9141126322428865,39961.34783113003,0.0,False,False,False,True
unknown,PB154769,140,15408.0,1.282547645313377,19761.494118988514,15696.0,1.2776220540775254,20053.55576080084,288.0,1.0141029229594603,292.0616418123245,0.0,False,False,True,False
unknown,PB154769,141,9952.0,1.485468323638968,14783.380756855011,13936.0,1.4399506680231144,20067.15250957012,4272.0,1.3289505356315816,5677.276688218117,0.0,False,True,False,False
unknown,PB154769,142,11604.0,1.1490291213730375,13333.333924412727,15860.0,1.0963291601417644,17387.780479848385,4644.0,0.9577707828220676,4447.887515425682,0.0,False,False,False,True
unknown,PB154769,143,13328.0,1.1485326269245735,15307.642851650715,26944.0,1.1448674519787456,30847.308626115322,13488.0,1.1257794274200608,15184.512917041779,4.0,True,False,False,False
unknown,PB154769,145,7488.0,1.0166981059691718,7613.035417497158,14704.0,1.0481601909240779,15412.147447347641,7216.0,1.0808082081278385,7799.112029850483,0.0,False,False,False,True
unknown,PB154769,146,7152.0,0.9662181771041563,6910.392402648926,99632.0,0.87243853814054,86922.79643201828,92480.0,0.8651860297293399,80012.40402936935,0.0,False,False,False,True
unknown,PB154796,1,257296.0,1.1448816981741807,294573.481413424,408192.0,0.9796268830267731,399875.8566364646,150896.0,0.6978473599236599,105302.37522304058,695.0,True,True,False,False
unknown,PB154796,2,77872.0,1.2703245994157497,98922.71720570326,160192.0,1.0311300804947559,165178.78985461593,83504.0,0.811084113001872,67728.76777210832,14.0,True,False,False,False
unknown,PB154796,3,58064.0,1.2896675296326943,74883.25544059277,134860.0,0.9642936736391698,130044.64482697845,75000.0,0.7121980435224374,53414.853264182806,1024.0,True,False,False,False
unknown,PB154796,4,61448.0,1.2191772831710828,74916.00569629669,61736.0,1.224815916896129,75615.23544549942,900.0,1.0811897202332814,973.0707482099533,1368.0,True,False,True,False
unknown,PB154796,5,96576.0,0.9577864812584588,92499.18721401691,199520.0,0.7767631566680747,154979.78501841426,102944.0,0.6069377312363746,62480.597804397345,0.0,False,False,False,True
unknown,PB154796,9,55700.0,0.9462517753441415,52706.22388666868,87900.0,0.8728787642724143,76726.04337954521,32200.0,0.7459571271079668,24019.81949287653,353.0,True,False,False,False
unknown,PB154796,10,54240.0,1.043982913431912,56625.63322454691,113032.0,0.8250459224221387,93256.59070321918,58936.0,0.6237693040257387,36762.46770206094,1.0,True,False,False,False
unknown,PB154796,11,59680.0,0.7902223556614594,47160.47018587589,179776.0,0.6372805215607653,114567.74304410815,120080.0,0.5612674481767186,67396.99517706037,0.0,False,False,False,True
unknown,PB154796,12,43856.0,0.8592292370933147,37682.35742196441,124756.0,0.6785604684291777,84654.4897993505,80564.0,0.5801460777663834,46738.888609170914,1301.0,True,False,False,False
unknown,PB154796,13,48852.0,0.8632178546458636,42169.91863515973,151588.0,0.7573052379289041,114798.38640716672,102736.0,0.706942724770353,72628.46777200699,0.0,False,False,False,True
unknown,PB154796,14,51520.0,0.9907821477714764,51045.096253186464,116500.0,0.8082847504339504,94165.17342555523,64980.0,0.6635899841854227,43120.077172368765,1549.0,True,False,False,False
unknown,PB154796,15,43760.0,0.910336131437714,39836.30911171436,158352.0,0.7163581833406354,113436.7510483563,114384.0,0.6420437752039015,73439.53518292308,0.0,False,False,False,True
unknown,PB154796,16,44464.0,0.9715374151982713,43198.439629375935,121256.0,0.7395745875267057,89677.85618513823,76792.0,0.6052637847140625,46479.41655576229,3.0,True,False,False,False
unknown,PB154796,17,50064.0,1.125236307368154,56333.83049207926,135552.0,0.8213579542479786,111336.713414222,85488.0,0.6433988737851247,55002.882922142744,2.0,True,False,False,False
unknown,PB154796,18,55728.0,0.8250743214072012,45979.74178338051,210032.0,0.6024782181986842,126539.70512470603,154304.0,0.5220860336823772,80559.96334132552,0.0,False,False,False,True
unknown,PB154796,19,46624.0,0.8182018382497791,38147.8425065577,47424.0,0.8192602574307466,38852.59844839573,2352.0,0.6929742636121049,1629.8754680156708,0.0,False,False,False,True
unknown,PB154796,20,43296.0,1.0339542753534654,44766.08430570364,78188.0,0.8884850626663399,69468.87007975578,35660.0,0.7113982721904123,25368.4623863101,0.0,False,False,False,True
unknown,PB154796,22,39232.0,0.9136091655881416,35842.71478435397,39296.0,0.9134888699140206,35896.45863214135,64.0,0.8397476216778159,53.74384778738022,21.0,True,False,True,False
unknown,PB154796,23,35920.0,0.875330435195917,31441.86923223734,59312.0,0.7943583174701856,47114.980525791645,23472.0,0.6700153150725868,15726.599475383759,0.0,False,False,False,True
unknown,PB154796,25,39968.0,0.7400437754126276,29578.0696156919,184444.0,0.5650337681286415,104217.08832871914,143740.0,0.5162185154095369,74201.24940496683,0.0,False,False,False,True
unknown,PB154796,26,34496.0,1.1385054050448846,39273.88245242834,102656.0,0.8091201190598671,83061.03494220972,68160.0,0.6424171433359944,43787.15248978138,0.0,False,False,False,True
unknown,PB154796,27,37188.0,0.9065661064152873,33713.380365371704,154768.0,0.6886193024247398,106576.23219767213,117628.0,0.6198377738616413,72910.27766379714,0.0,False,False,False,True
unknown,PB154796,28,57936.0,1.2130547433245893,70279.5396092534,115824.0,0.9390773695226775,108767.6972475946,57888.0,0.6648728171355236,38488.15763834119,10172.0,True,False,False,False
unknown,PB154796,29,34016.0,0.8556075167201761,29104.34528875351,208592.0,0.633262548586523,132093.50153476,173712.0,0.5899039691140309,102473.39828273654,0.0,False,False,False,True
unknown,PB154796,30,36292.0,0.8005912460983752,29055.057503402233,67984.0,0.7343597470526907,49924.71304363012,31692.0,0.6585149419483747,20869.65554022789,0.0,False,False,False,True
unknown,PB154796,32,35844.0,0.8987825453163337,32215.961554318666,39256.0,0.8887925311241285,34890.43960180879,3540.0,0.7733979560897849,2737.8287645578384,0.0,False,False,False,True
unknown,PB154796,33,52000.0,0.9591091527193785,49873.67594140768,154216.0,0.7858304301299124,121187.62561291456,102216.0,0.697678931591012,71313.94967150688,0.0,False,False,False,True
unknown,PB154796,34,31728.0,0.8227423657731266,26103.96978124976,31936.0,0.8277600361668842,26435.344515025616,992.0,0.8000448742100308,793.6445152163506,0.0,False,False,True,False
unknown,PB154796,35,37344.0,0.9646580503701258,36024.190233021975,60832.0,0.8763478782497296,53309.99412968755,24400.0,0.7323491437207968,17869.319106787443,0.0,False,False,False,True
unknown,PB154796,36,28112.0,0.9053209842430235,25450.38350903988,80752.0,0.6779307824780392,54744.26654666662,52640.0,0.556494738556739,29293.883037626743,0.0,False,False,False,True
unknown,PB154796,37,58932.0,1.129142779015171,66542.64225292206,113272.0,0.966349561912441,109460.34757694602,54340.0,0.7897995090913501,42917.70532402396,11.0,True,False,False,False
unknown,PB154796,38,34576.0,0.8478066312189678,29313.76208102703,134704.0,0.6818803644292513,91852.01261007786,100128.0,0.6245830390005875,62538.25052905083,0.0,False,False,False,True
unknown,PB154796,39,26556.0,0.9557405966989857,25380.647285938263,71848.0,0.7799101709737144,56034.985964119434,45500.0,0.676870890884609,30797.62553524971,0.0,False,False,False,True
unknown,PB154796,40,32528.0,0.8449974922097732,27486.078426599503,59488.0,0.7172441359372903,42667.419158637524,27504.0,0.5652744477054559,15547.308409690857,0.0,False,False,False,True
unknown,PB154796,41,40000.0,0.9617457803413272,38469.83121365309,153916.0,0.7286042519034376,112143.8520359695,113276.0,0.6459721454110618,73173.14074358344,4.0,True,False,False,False
unknown,PB154796,42,29568.0,0.7608934897703655,22498.098705530167,198896.0,0.5589228833312854,111167.52580305934,167776.0,0.522984858211851,87744.30757135153,0.0,False,False,False,True
unknown,PB154796,44,45840.0,0.9796499713839245,44907.1546882391,132624.0,0.7239221155547736,96009.44665333629,86784.0,0.5888446253352829,51102.29196509719,0.0,False,False,False,True
unknown,PB154796,45,31312.0,0.7922758908602554,24807.742694616318,32116.0,0.7917323728142008,25427.276885300875,1396.0,0.7151775828917594,998.3879057168961,0.0,False,False,True,False
unknown,PB154796,46,33920.0,0.7177764618391488,24346.977585583925,54800.0,0.6751745943300915,36999.56776928902,21472.0,0.6035231589221697,12958.849268376827,0.0,False,False,False,True
unknown,PB154796,47,25808.0,1.5079406760748468,38916.93296813965,30976.0,1.4751556086881195,45694.42013472319,5168.0,1.3114332752677125,6777.487166583538,522.0,True,False,False,False
unknown,PB154796,48,28960.0,0.7965865837029331,23069.14746403694,117920.0,0.602241104340062,71016.27102378011,88960.0,0.5389739608784079,47947.123559743166,0.0,False,False,False,True
unknown,PB154796,49,24016.0,0.7870672551342978,18902.207199305296,102448.0,0.5738422482645518,58788.990650206804,78432.0,0.5085524205796296,39886.78345090151,0.0,False,False,False,True
unknown,PB154796,50,31360.0,1.0552121832966805,33091.4540681839,80912.0,0.846658885299965,68504.86372739077,50192.0,0.7155845638294489,35916.6204277277,557.0,True,False,False,False
unknown,PB154796,51,27072.0,0.920090125948543,24908.679889678955,97544.0,0.7474095943331703,72905.32146963477,69416.0,0.6815099879116991,47307.697320878506,0.0,False,False,False,True
unknown,PB154796,53,24320.0,1.0232701569844624,24885.93021786213,133540.0,0.7650034331799589,102158.55846685171,108532.0,0.7061298018942597,76637.6796591878,0.0,False,False,False,True
unknown,PB154796,54,18268.0,1.2816477924591867,23413.141872644424,23404.0,1.2342721119540876,28886.904508173466,5136.0,1.0657637530235673,5473.762635529041,2836.0,True,False,False,False
unknown,PB154796,55,20544.0,1.0217280425885664,20990.380906939507,20752.0,1.0197853423833112,21162.585425138474,208.0,0.8279063374950335,172.20451819896698,0.0,False,False,True,False
unknown,PB154796,56,29220.0,0.8381608331472722,24491.059544563293,181092.0,0.6284792314283159,113812.56097781658,151872.0,0.5881367298333682,89321.50143325329,0.0,False,False,False,True
unknown,PB154796,57,27216.0,0.8634707891129872,23500.22099649906,29728.0,0.8600419743790565,25567.32781434059,2736.0,0.8076263780743755,2209.6657704114914,5.0,True,False,False,False
unknown,PB154796,58,25052.0,1.0523291077407122,26362.948807120323,122720.0,0.7389079910009672,90678.7886556387,97668.0,0.6585149675279351,64315.83984851837,1218.0,True,False,False,False
unknown,PB154796,60,25988.0,0.9069612631939807,23570.10930788517,36524.0,0.8629208126741515,31517.31976211071,10680.0,0.7556422659018066,8070.259399831295,0.0,False,False,False,True
unknown,PB154796,61,16000.0,1.0207643944453448,16332.230311125517,21584.0,1.0034285334785993,21658.001466602087,5584.0,0.9537555794191566,5325.77115547657,129.0,True,False,False,False
unknown,PB154796,62,15072.0,0.994378113992623,14987.266934096813,15840.0,0.9885153650936455,15658.083383083344,768.0,0.8734589179512113,670.8164489865303,12.0,True,False,True,False
unknown,PB154796,63,15472.0,1.068218779627854,16527.480958402157,97400.0,0.7625937173853665,74276.6280733347,81848.0,0.7051903417612693,57718.41909247637,0.0,False,False,False,True
unknown,PB154796,64,19328.0,0.9598892626525304,18552.739668548107,20592.0,0.9565545731855856,19697.37177103758,1600.0,0.8611724191904068,1377.8758707046509,15.0,True,False,True,False
unknown,PB154796,65,17548.0,0.8546268816927801,14996.992519944906,18476.0,0.8465178550099444,15640.263889163733,944.0,0.6898499582657369,651.2183606028557,0.0,False,False,True,False
unknown,PB154796,66,19424.0,0.6999671662002311,13596.162236273289,59304.0,0.5563343485419557,32992.85220593214,39880.0,0.4863763783766011,19396.68996965885,0.0,False,False,False,True
unknown,PB154796,67,23360.0,0.8718396417694549,20366.174031734467,23584.0,0.8708282462731913,20537.613360106945,224.0,0.7653541445199933,171.43932837247849,0.0,False,False,True,False
unknown,PB154796,68,13776.0,0.7089046860950957,9765.870955646038,322452.0,0.5752126238287739,185478.46097883582,307124.0,0.5688422536431476,174705.10830789804,0.0,False,False,False,True
unknown,PB154796,70,30548.0,0.9361890905133183,28598.704337000847,34100.0,0.917598034000991,31290.092959433794,3568.0,0.7569264136505367,2700.713443905115,37.0,True,False,False,False
unknown,PB154796,71,8896.0,1.1298789199736479,10051.402872085571,18736.0,1.0317400555157386,19330.68168014288,9872.0,0.9433157041282476,9312.41263115406,0.0,False,False,False,True
unknown,PB154796,73,3248.0,0.6253368693032288,2031.0941514968872,10384.0,0.6528001140676818,6778.676384478807,7136.0,0.6653002008102467,4747.58223298192,0.0,False,True,False,False
unknown,PB154796,74,2896.0,0.6960984651019889,2015.90115493536,61056.0,0.6203820095304791,37878.04397389293,58160.0,0.6166118091292566,35862.14281895757,0.0,False,False,False,True
unknown,PB154799,1,71936.0,1.4053143157766224,101092.69061970711,71936.0,1.406212512238011,101157.30328035355,1248.0,1.1829738745895715,1476.3513954877853,0.0,False,False,True,False
unknown,PB154799,2,69376.0,1.649027765251703,114402.95024210215,148256.0,1.24018735074881,183865.21587261558,79136.0,0.881680725920031,69772.68592640758,247.0,True,False,False,False
unknown,PB154799,3,82368.0,1.6317811070955137,134406.54622924328,110224.0,1.6078228317357959,177220.66380524635,29104.0,1.5223464935100492,44306.37234711647,1495.0,True,False,False,False
unknown,PB154799,5,41808.0,1.2676349792000758,52997.28321039677,266696.0,0.9293586477473247,247856.2339196205,224776.0,0.8663657659496828,194738.23140710592,0.0,False,False,False,True
unknown,PB154799,7,60224.0,1.2757203050599089,76828.97965192795,60576.0,1.2741375192832565,77182.15436810255,352.0,1.0033372618596663,353.1747161746025,0.0,False,False,True,False
unknown,PB154799,9,47312.0,1.330445267742586,62946.02650743723,209804.0,1.068042368415243,224079.56106299162,161852.0,0.9916334490371205,160497.85699355602,0.0,False,False,False,True
unknown,PB154799,10,42473.0,1.4078931375130068,59797.44522958994,72601.0,1.1832758377789483,85907.00909858942,30128.0,0.8666212117963185,26109.56386899948,530.0,True,False,False,False
unknown,PB154799,11,36416.0,1.3493918543861547,49139.45376932621,118572.0,1.1474724326226062,136058.10128092766,82124.0,1.0574355799045956,86840.839564085,0.0,False,False,False,True
unknown,PB154799,12,40704.0,1.0379457483888141,42248.54374241829,41632.0,1.0291834441267762,42846.965145885944,1920.0,0.7558149411653479,1451.164687037468,0.0,False,False,True,False
unknown,PB154799,14,35984.0,1.2305262340203742,44279.25600498915,38016.0,1.222664110668267,46480.79883116484,3120.0,1.001173035055399,3123.6598693728447,0.0,False,False,False,True
unknown,PB154799,15,34416.0,1.4402727430096647,49568.42672342062,44288.0,1.365357062029733,60468.93356317282,9872.0,1.104184242276357,10900.506839752197,0.0,False,False,False,True
unknown,PB154799,16,35725.0,1.0809482662138863,38616.876810491085,36145.0,1.0782940582692138,38974.93873614073,500.0,0.7885285986661911,394.26429933309555,0.0,False,False,True,False
unknown,PB154799,17,43312.0,1.4711501192415735,63718.453964591026,69424.0,1.3105487271518332,90983.53483378887,26112.0,1.0441590406402361,27265.080869197845,0.0,False,False,False,True
unknown,PB154799,18,39376.0,0.8643315759438632,34033.92013436556,150460.0,0.7180862653252293,108043.259480834,109452.0,0.6638808596362036,72663.08784890175,0.0,False,False,False,True
unknown,PB154799,20,27184.0,1.3119691266421187,35664.568738639355,40304.0,1.2195670972428492,49153.43228727579,13120.0,1.0281145997436307,13488.863548636436,525.0,True,False,False,False
unknown,PB154799,21,31748.0,1.093717416728926,34723.34054630995,31748.0,1.0923823010971043,34680.953295230865,884.0,0.7957833433582772,703.472475528717,0.0,False,False,True,False
unknown,PB154799,22,32784.0,0.9955984100030363,32639.698273539543,32816.0,0.9936937752517184,32609.054928660393,848.0,0.8027941523436105,680.7694411873817,0.0,False,False,True,False
unknown,PB154799,23,22784.0,1.5609359666129594,35564.36506330967,47232.0,1.487331606833855,70249.64645397663,24448.0,1.4187369678774118,34685.28139066696,3.0,True,False,False,False
unknown,PB154799,24,36016.0,1.3439224771178866,48402.7119358778,38576.0,1.33541661717866,51515.03142428398,2560.0,1.2157498001586646,3112.3194884061813,69.0,True,False,False,False
unknown,PB154799,26,34896.0,1.380951112719549,48189.670029461384,42096.0,1.3393391832717807,56380.822259008884,7200.0,1.1376600318815973,8191.152229547501,0.0,False,False,False,True
unknown,PB154799,27,50544.0,1.6807252004419504,84950.57453113794,64592.0,1.6458170841581121,106306.61709994078,14048.0,1.5202194311505435,21356.042568802834,11504.0,True,False,False,False
unknown,PB154799,28,38096.0,1.451887775595851,55311.11669909954,110068.0,1.0401641786397402,114488.79081451893,71972.0,0.8222318973409019,59177.67411541939,3467.0,True,False,False,False
unknown,PB154799,29,37472.0,1.4982139061083404,56141.071489691734,111216.0,1.0970174567544826,122005.89347040653,73680.0,0.8908216907522448,65635.7421746254,1127.0,True,False,False,False
unknown,PB154799,30,36864.0,1.5443323967030866,56930.26947206259,38544.0,1.5372869699819176,59253.18897098303,1680.0,1.3826901779288336,2322.9194989204407,134.0,True,False,True,False
unknown,PB154799,31,32208.0,1.0414836740022237,33544.10617226362,59344.0,0.8997531813084999,53394.95279157162,27184.0,0.726706347537346,19754.78535145521,0.0,False,False,False,True
unknown,PB154799,32,37488.0,1.3495559562244097,50592.15368694067,55408.0,1.2150857832897028,67325.47308051586,17920.0,0.9337789840164727,16733.31939357519,484.0,True,False,False,False
unknown,PB154799,33,31844.0,1.2513400180329182,39847.671534240246,40484.0,1.221901156684766,49467.44642722607,8784.0,1.1121773171172442,9769.365553557873,3.0,True,False,False,False
unknown,PB154799,34,58640.0,1.2758048578456431,74813.19686406851,58832.0,1.2784097256604456,75211.40098005533,1232.0,1.0038685030848176,1236.7659958004951,833.0,True,False,True,False
unknown,PB154799,35,32624.0,1.9440168957351587,63421.607206463814,49440.0,1.7904322243720583,88518.96917295456,16944.0,1.4914781222149829,25271.60530281067,574.0,True,False,False,False
unknown,PB154799,36,30192.0,1.0278486098697341,31032.80522918701,30192.0,1.0289397752045732,31065.749692976475,912.0,0.7434711685044724,678.0457056760788,0.0,False,False,True,False
unknown,PB154799,38,33440.0,1.3918150779234164,46542.29620575905,83856.0,1.116617741648579,93635.09734368324,50416.0,0.9340844402158877,47092.801137924194,0.0,False,False,False,True
unknown,PB154799,39,36656.0,0.8881904415571628,32557.508825719357,38336.0,0.882395736605725,33827.522958517075,2368.0,0.7596508669037674,1798.8532528281212,0.0,False,False,False,True
unknown,PB154799,40,26061.0,1.075776375114019,28035.808111846447,33665.0,1.0243298637943106,34484.06486463547,7360.0,0.8392325364539157,6176.751468300819,0.0,False,False,False,True
unknown,PB154799,41,31144.0,1.0974504123179918,34178.99564123154,154025.0,0.9343367339331808,143911.21544405818,121121.0,0.8906954715120352,107881.92620500922,0.0,False,False,False,True
unknown,PB154799,42,23488.0,1.3856861214572183,32546.995620787144,32368.0,1.3091358391018386,42374.10884004831,8880.0,1.1066568940609425,9827.11321926117,770.0,True,False,False,False
unknown,PB154799,43,23536.0,1.5188368727547388,35747.34463715553,42432.0,1.4134257112251845,59974.47977870703,18896.0,1.2821303525376533,24227.135141551495,0.0,False,False,False,True
unknown,PB154799,44,28464.0,1.0769517912177087,30654.35578522086,175724.0,0.6651606693112891,116884.69345405698,147212.0,0.5864087094577134,86326.3989366889,0.0,False,False,False,True
unknown,PB154799,45,27632.0,1.4209923138211038,39264.85961550474,38032.0,1.3442810408341619,51125.696545004845,10400.0,1.14046508937501,11860.836929500103,1.0,True,False,False,False
unknown,PB154799,46,34512.0,1.2715578962050078,43884.00611382723,129088.0,0.863974190070527,111528.70024782419,94564.0,0.7149023043294227,67604.02150660753,302.0,True,False,False,False
unknown,PB154799,47,42976.0,1.5158328030754937,65144.43054497242,137264.0,1.054408968681508,144732.3926770985,94288.0,0.8440942869943799,79587.9621321261,0.0,False,False,False,True
unknown,PB154799,48,30768.0,1.3919126565838877,42826.368617773056,39984.0,1.404151829959107,56143.60676908493,9216.0,1.4450128202378336,13317.238151311874,0.0,False,False,False,True
unknown,PB154799,50,33036.0,1.3264189800413313,43819.577424645424,120512.0,1.0181471629847738,122698.95090562105,87476.0,0.9017258845966394,78879.37348097563,418.0,True,False,False,False
unknown,PB154799,52,28064.0,0.9153615575912435,25688.706752240658,34128.0,0.8912833543730995,30417.71831804514,6064.0,0.7798501922500795,4729.0115658044815,0.0,False,False,False,True
unknown,PB154799,53,27776.0,0.9670090746297608,26859.644056916237,38544.0,0.9370153618488583,36116.320107102394,11024.0,0.8552487146039054,9428.261829793453,0.0,False,False,False,True
unknown,PB154799,54,31856.0,1.2048934383036234,38383.08537060022,292332.0,0.7638239174858601,223290.17344647646,255272.0,0.7059557702976194,180210.74139541388,0.0,False,False,False,True
unknown,PB154799,55,31392.0,1.3292881465962234,41729.01349794865,44144.0,1.2890720858484042,56904.798157691956,12752.0,1.19007094257711,15175.784659743309,0.0,False,False,False,True
unknown,PB154799,56,16192.0,1.4777643267330327,23927.959978461266,18000.0,1.4579783047967487,26243.609486341476,1808.0,1.2807795950664884,2315.649507880211,0.0,False,False,True,False
unknown,PB154799,57,23152.0,1.1022202315268512,25518.602800309658,23904.0,1.106738782611238,26455.483859539032,1072.0,0.9069904549353158,972.2937676906586,0.0,False,False,True,False
unknown,PB154799,58,23372.0,1.044322555468708,24407.906766414642,86560.0,0.7015715265567388,60728.031338751316,63188.0,0.574794653610443,36320.124572336674,45.0,True,False,False,False
unknown,PB154799,59,36448.0,0.9990608829602639,36413.7710621357,313804.0,0.7333185707449167,230118.30077403784,275548.0,0.6971095220578979,192087.13458400965,0.0,False,True,False,False
unknown,PB154799,60,16336.0,1.4627716551068715,23895.83775782585,16688.0,1.459746593768393,24360.251156806946,352.0,1.3193562471053817,464.41339898109436,0.0,False,False,True,False
unknown,PB154799,61,38688.0,1.207125025771318,46701.25299704075,69904.0,1.0101357206431938,70612.52741584182,31216.0,0.7659941830728174,23911.27441880107,0.0,False,False,False,True
unknown,PB154799,62,26352.0,1.336774349201337,35226.67765015364,93344.0,0.927011360040137,86530.94839158654,66992.0,0.7658268262095907,51304.270741432905,184.0,True,False,False,False
unknown,PB154799,63,25248.0,1.056280253695841,26668.963845312595,97904.0,0.793016082272518,77639.4465188086,72928.0,0.7012355184189063,51139.703887254,0.0,False,False,False,True
unknown,PB154799,64,32976.0,0.870442727093541,28703.719368636608,187116.0,0.6892479419211005,128969.31790050864,153372.0,0.6490258648000583,99542.39493611455,0.0,False,False,False,True
unknown,PB154799,65,37712.0,1.2049862565895513,45442.441708505154,37952.0,1.2061124587679692,45774.38003516197,992.0,0.8879655481826875,880.861823797226,1.0,True,False,True,False
unknown,PB154799,66,27776.0,1.4864217180432537,41286.849640369415,27776.0,1.4864217180432537,41286.849640369415,0.0,,0.0,0.0,False,False,True,False
unknown,PB154799,67,22736.0,1.1217945511888694,25505.120915830135,28032.0,1.0839126906081287,30384.24054312706,6000.0,0.9271077897747357,5562.646738648415,0.0,False,False,False,True
unknown,PB154799,68,29868.0,0.9345539852755287,27913.25843220949,146088.0,0.6430506428259858,93941.98230916262,116220.0,0.5681356382460259,66028.72387695312,0.0,False,False,False,True
unknown,PB154799,70,29296.0,0.931280048803138,27282.78030973673,141648.0,0.7933621205842695,112378.1576565206,112208.0,0.7571550359789845,84958.85227712989,0.0,False,False,False,True
unknown,PB154799,71,17040.0,1.267535060119461,21598.797424435616,24736.0,1.1826161351512736,29253.192719101906,8080.0,0.9865193889504021,7971.07666271925,0.0,False,False,False,True
unknown,PB154799,72,22848.0,1.1940547897420426,27281.76383602619,22848.0,1.1915748810489513,27225.10288220644,640.0,0.8799257339909673,563.152469754219,0.0,False,False,True,False
unknown,PB154799,73,26512.0,0.9223479264869378,24453.288227021694,38640.0,0.8583138257465625,33165.24622684717,12128.0,0.7183342677956364,8711.957999825478,0.0,False,False,False,True
unknown,PB154799,74,31308.0,1.1671836613158058,36542.18606847525,31612.0,1.163110273125035,36768.24195402861,688.0,0.8340450700285823,573.8230081796646,0.0,False,False,True,False
unknown,PB154799,75,27920.0,1.3811414833418107,38561.470214903355,110868.0,1.150557139313625,127559.96892142296,82948.0,1.0729432741780345,88998.4987065196,0.0,False,False,False,True
unknown,PB154799,76,26228.0,1.1121467569010894,29169.385140001774,26228.0,1.1121467569010894,29169.385140001774,0.0,,0.0,10.0,True,False,True,False
unknown,PB154799,77,25540.0,1.4174886713853176,36202.660667181015,55184.0,1.3512785780843306,74568.9570530057,29404.0,1.293432591430039,38032.09191840887,2.0,True,False,False,False
unknown,PB154799,78,23200.0,0.9142326168536112,21210.19671100378,34944.0,0.8717073137230571,30460.940370738506,11744.0,0.7876995623071122,9250.743659734726,0.0,False,False,False,True
unknown,PB154799,79,27536.0,0.95496681836076,26295.96631038189,97232.0,0.6771159257457182,65837.33569210768,69696.0,0.5673405845633291,39541.36938172579,0.0,False,False,False,True
unknown,PB154799,81,24032.0,1.1743617384222034,28222.261297762394,78928.0,0.9493980353693225,74934.08813562989,55344.0,0.8536796472233245,47246.04639592767,28.0,True,False,False,False
unknown,PB154799,82,26400.0,1.0834181335049144,28602.238724529743,26480.0,1.0772172231801147,28524.712069809437,816.0,0.7629003998841725,622.5267263054848,0.0,False,False,True,False
unknown,PB154799,84,32560.0,0.8019358172976121,26111.03021121025,384628.0,0.6715052165655505,258279.70843717456,351140.0,0.658979211368094,231393.96027979255,0.0,False,True,False,False
unknown,PB154799,85,29072.0,1.2939919468710464,37618.93387943506,31472.0,1.28076866205098,40308.35133206844,2400.0,1.1205906052639087,2689.417452633381,0.0,False,False,False,True
unknown,PB154799,86,27152.0,1.241232492198699,33701.94462817907,47056.0,1.1531302730981305,54261.69813090563,19904.0,1.0329458150485609,20559.753502726555,2.0,True,False,False,False
unknown,PB154799,87,22448.0,1.3753543141472577,30873.953643977642,23984.0,1.3482013546014882,32335.261288762093,2032.0,0.9962382959861924,2024.356217443943,128.0,True,False,False,False
unknown,PB154799,88,17184.0,1.524814020193683,26202.40412300825,18656.0,1.5092315464304509,28156.22373020649,1456.0,1.2778683881183246,1860.5763731002808,57.0,True,False,True,False
unknown,PB154799,89,27340.0,1.4495044827679255,39629.452558875084,27836.0,1.4491000705999382,40337.14956521988,192.0,1.2459122501313686,239.21515202522278,0.0,False,False,True,False
unknown,PB154799,90,30480.0,1.4229417662627584,43371.26503568888,74784.0,1.0065721482935948,75275.49153798819,45312.0,0.7300777019456681,33081.280830562115,1313.0,True,False,False,False
unknown,PB154799,91,22704.0,1.5843902103303602,35971.9953353405,26496.0,1.5387408254681614,40770.476911604404,3792.0,1.2654223566096794,4798.481576263905,0.0,False,False,False,True
unknown,PB154799,92,24208.0,1.2532918148052985,30339.688252806664,25152.0,1.2320628545315742,30988.844917178154,2048.0,0.8653903893718962,1772.3195174336433,0.0,False,False,False,True
unknown,PB154799,93,24048.0,1.5118655634130627,36357.34306895733,40112.0,1.4810888852565993,59409.43736541271,16512.0,1.419387439074529,23436.925393998623,1421.0,True,False,False,False
unknown,PB154799,94,23552.0,0.8857027192716487,20860.07044428587,87936.0,0.6204144313685417,54556.76343682408,64384.0,0.5233706043821169,33696.692992538214,0.0,False,False,False,True
unknown,PB154799,96,22896.0,0.7880891953405594,18044.09021651745,107900.0,0.5881422536106878,63460.54916459322,85004.0,0.5342861388649448,45416.45894807577,0.0,False,False,False,True
unknown,PB154799,99,22720.0,1.288361167519445,29271.565726041794,24576.0,1.2788515774033538,31429.05636626482,2368.0,1.1215015979534066,2655.7157839536667,0.0,False,False,False,True
unknown,PB154799,101,21680.0,1.4568279172908996,31584.029246866703,22576.0,1.4429509359907589,32576.060330927372,1008.0,1.1470184652578264,1156.194612979889,2.0,True,False,True,False
unknown,PB154799,102,19528.0,1.3097265369088276,25576.339812755585,102440.0,0.969690273515662,99335.0716189444,82912.0,0.8896026124829798,73758.73180618882,1.0,True,False,False,False
unknown,PB154799,103,18640.0,1.1726278447861835,21857.78302681446,18640.0,1.1726278447861835,21857.78302681446,0.0,,0.0,0.0,False,False,True,False
unknown,PB154799,104,21024.0,1.3614493071029312,28623.110232532024,29008.0,1.345473973556194,39029.50902491808,8496.0,1.2983385531789502,11030.684347808361,0.0,False,False,False,True
unknown,PB154799,105,25200.0,1.1858249359920858,29882.78838700056,25200.0,1.1788986818421454,29708.246782422066,880.0,0.672879458963871,592.1339238882065,0.0,False,False,True,False
unknown,PB154799,106,22672.0,1.5142431789319029,34330.9213527441,22672.0,1.5091460631186262,34215.35954302549,752.0,1.2164739745252944,914.7884288430214,0.0,False,False,True,False
unknown,PB154799,107,27856.0,1.1917365896229357,33197.0144405365,28960.0,1.186537651275156,34362.13038092852,1104.0,1.055358641659436,1165.1159403920174,0.0,False,False,True,False
unknown,PB154799,108,19296.0,1.3617411798134964,26276.15780568123,19856.0,1.342677090473107,26660.19630843401,1184.0,0.9860039809467019,1167.428713440895,0.0,False,False,True,False
unknown,PB154799,109,24768.0,1.4212062828488243,35200.43721359968,95184.0,0.9940627661694432,94618.87033507228,70416.0,0.8438200568261843,59418.4331214726,1259.0,True,False,False,False
unknown,PB154799,110,29456.0,1.1212170190991817,33026.568514585495,209944.0,0.7864888624854146,165118.6177456379,180120.0,0.7307287162286876,131618.8563671112,0.0,False,False,False,True
unknown,PB154799,112,27756.0,1.3196550281719714,36628.34496194124,57160.0,1.164434269094609,66559.06282144785,29244.0,1.019119691355922,29803.136254012585,25.0,True,False,False,False
unknown,PB154799,113,22968.0,1.1151548866422614,25612.87743639946,23112.0,1.1138631800501022,25743.605817317963,144.0,0.907835978600714,130.7283809185028,0.0,False,False,True,False
unknown,PB154799,114,24528.0,1.06989172255816,26242.304170906544,32000.0,1.0481850602496416,33541.92192798853,7472.0,0.9769295713439488,7299.6177570819855,0.0,False,False,False,True
unknown,PB154799,115,20208.0,1.2167059583110131,24587.194005548954,51020.0,1.0594186361550537,54051.53881663084,30812.0,0.9562620021771351,29464.344811081886,0.0,False,False,False,True
unknown,PB154799,116,19572.0,1.7362298602716044,33981.490825235844,20940.0,1.697493008835154,35545.503605008125,1896.0,1.2620021483629063,2392.75607329607,1243.0,True,False,True,False
unknown,PB154799,117,20256.0,1.3385981072099382,27114.64325964451,214452.0,0.8058382214080697,172813.61825740337,194196.0,0.7502676419584279,145698.97499775887,0.0,False,False,False,True
unknown,PB154799,118,18992.0,1.357574712246556,25783.05893498659,21152.0,1.3385222201487796,28312.422000586987,2448.0,1.146318499851071,2806.1876876354218,0.0,False,False,False,True
unknown,PB154799,119,17712.0,1.4197922741023399,25147.360758900642,27056.0,1.4153302683655253,38293.175740897655,9344.0,1.4068723225596118,13145.814981997013,70.0,True,False,False,False
unknown,PB154799,120,14000.0,1.6860114570685796,23604.160398960114,14288.0,1.6895268779427381,24139.96003204584,400.0,1.4887275791168213,595.4910316467285,155.0,True,True,True,False
unknown,PB154799,121,24560.0,1.1282584384860355,27710.027249217033,25536.0,1.1143887382826971,28457.030820786953,976.0,0.7653725118544258,747.0035715699196,81.0,True,False,True,False
unknown,PB154799,122,28816.0,1.3837083178690777,39872.93888771534,30768.0,1.3741679575238077,42280.399717092514,1952.0,1.2333303429186344,2407.4608293771744,788.0,True,False,True,False
unknown,PB154799,123,20096.0,1.3433870963550583,26996.70708835125,134300.0,0.9646664491213708,129554.7041170001,114204.0,0.8980245615621945,102557.99702864885,1.0,True,False,False,False
unknown,PB154799,124,18928.0,1.3480599737794643,25516.0791836977,73416.0,1.0340078204303536,75912.71814471483,54088.0,0.9207197051154247,49799.88741028309,0.0,False,False,False,True
unknown,PB154799,125,23792.0,0.8797913778425466,20931.996461629868,113972.0,0.671221326135139,76500.43698227406,89572.0,0.615169893235044,55101.997676849365,0.0,False,False,False,True
unknown,PB154799,126,22568.0,1.1398703620545578,25724.594330847263,51160.0,0.9519832041531079,48703.460724473,28784.0,0.8027468148086753,23106.264317452908,52.0,True,False,False,False
unknown,PB154799,127,15248.0,1.4092314368483276,21487.9609490633,18544.0,1.3905581056242415,25786.509510695934,3748.0,1.2600036534771974,4722.493693232536,165.0,True,False,False,False
unknown,PB154799,128,13552.0,1.0821461652393465,14665.244831323624,57664.0,1.0297510062673074,59379.562025398016,44112.0,1.0136542708123502,44714.31719407439,0.0,False,False,False,True
unknown,PB154799,129,22000.0,1.160701640611345,25535.436093449593,111952.0,0.7634387741229254,85468.49764060974,89248.0,0.6657698092385779,59418.6239349246,0.0,False,False,False,True
unknown,PB154799,130,22724.0,0.9576175906009352,21760.90212881565,312992.0,0.7259013717649406,227201.3221514523,286936.0,0.706366682712585,202682.03047081828,0.0,False,False,False,True
unknown,PB154799,131,18640.0,1.008433524001182,18797.20088738203,112480.0,0.7480102272916209,84136.19036576152,93840.0,0.6962807915428334,65338.98947837949,0.0,False,False,False,True
unknown,PB154799,132,22080.0,0.8891573940120313,19632.595259785652,160084.0,0.663741191765384,106254.34494256973,137812.0,0.6270937228570105,86421.04013437033,0.0,False,False,False,True
unknown,PB154799,133,16656.0,1.5531434441105203,25869.157205104828,16944.0,1.5542893906012247,26335.879434347153,928.0,1.3617339939649762,1263.689146399498,0.0,False,False,True,False
unknown,PB154799,134,23136.0,1.0710859689475094,24780.64497756958,27664.0,1.0584421270371276,29280.7430023551,4528.0,0.9938379030003354,4500.098024785519,9.0,True,False,False,False
unknown,PB154799,135,12864.0,1.029283155121873,13240.698507487774,72800.0,0.9167910317876018,66742.38711413741,59936.0,0.8926469668754945,53501.68860664964,0.0,False,False,False,True
unknown,PB154799,136,19936.0,1.2920826502012785,25758.95971441269,179376.0,0.9402536249422743,168658.9342276454,157536.0,0.8937036053459352,140790.49117177725,0.0,False,False,False,True
unknown,PB154799,137,19992.0,1.5155342563169867,30298.5608522892,27480.0,1.4268410670857068,39209.592523515224,7488.0,1.1900416227598858,8911.031671226025,9.0,True,False,False,False
unknown,PB154799,138,23280.0,1.4403139645342564,33530.50909435749,28080.0,1.4287801520628298,40120.14666992426,5712.0,1.2848524781627482,7339.077355265617,1073.0,True,False,False,False
unknown,PB154799,139,18016.0,1.3416091769331566,24170.43093162775,18112.0,1.3354438705461975,24187.55938333273,800.0,1.0960583858191968,876.8467086553574,0.0,False,False,True,False
unknown,PB154799,140,10976.0,1.3528848408772978,14849.26401346922,11328.0,1.3489799799429159,15281.24521279335,512.0,1.1396383836399764,583.4948524236679,0.0,False,True,True,False
unknown,PB154799,142,11232.0,1.2640466858391408,14197.77237534523,222496.0,1.003614936324792,223300.30887252092,208544.0,0.9876112805098383,205960.4068826437,0.0,False,False,False,True
unknown,PB154799,143,15600.0,1.6888831740541337,26346.577515244484,25136.0,1.5257073718151,38350.180497944355,9536.0,1.258767091306614,12003.602982699871,102.0,True,False,False,False
unknown,PB154799,144,12384.0,1.200893318978468,14871.862862229347,55628.0,0.9511549852645405,52910.84952029586,43244.0,0.8796361728347635,38038.98665806651,4.0,True,False,False,False
unknown,PB154799,148,8448.0,0.9468680420664676,7999.141219377518,183500.0,0.8432648670744831,154739.10310816765,175052.0,0.8382649834837085,146739.96188879013,0.0,False,False,False,True
unknown,PB154802,1,127744.0,1.3975599890305122,178529.90323871374,174028.0,1.3107046973787628,228099.31707543135,46748.0,1.0717251982144318,50101.009566128254,3.0,True,False,False,False
unknown,PB154802,3,55152.0,1.1032530056847103,60846.609769523144,114048.0,0.9301905996332365,106086.37750697136,58896.0,0.7681297157268442,45239.767737448215,0.0,False,False,False,True
unknown,PB154802,4,69496.0,1.1554448591495694,80298.79593145847,148008.0,1.0232280310164639,151445.93441468477,78448.0,0.9043166902620599,70941.83571767807,0.0,False,False,False,True
unknown,PB154802,5,44928.0,1.4503399605592155,65160.87374800444,44976.0,1.447645897014588,65109.32186412811,992.0,1.1089665901156203,1100.0948573946953,1.0,True,False,True,False
unknown,PB154802,7,48308.0,0.9283654772987071,44847.47947734594,84068.0,0.8089214844302406,68004.41135308146,35760.0,0.6475652090530067,23156.93187573552,0.0,False,False,False,True
unknown,PB154802,8,64864.0,1.3817227691233702,89624.06569641829,170112.0,1.1668626043915418,198497.33135825396,104400.0,1.033143631279811,107860.19510561228,3.0,True,False,False,False
unknown,PB154802,9,51972.0,1.1371098956951762,59097.87549906969,197249.0,0.8922756831455193,176000.48622477055,144445.0,0.8036756226452693,116086.92531299591,78.0,True,False,False,False
unknown,PB154802,10,75452.0,1.5420942739555163,116354.09715849161,112908.0,1.4674616662067659,165688.16180807352,37552.0,1.315956170952823,49416.78613162041,11068.0,True,False,False,False
unknown,PB154802,11,41072.0,1.0584965288598434,43474.56943333149,186608.0,0.7919883287863038,147791.35805815458,144800.0,0.7151434058103279,103552.76516133547,0.0,False,False,False,True
unknown,PB154802,12,47184.0,1.452510842653645,68535.27159976959,92624.0,1.3214138533374995,122394.63675153255,46368.0,1.1856040395449223,54974.088105618954,2425.0,True,False,False,False
unknown,PB154802,13,40220.0,1.2828092382847522,51594.58756381273,46416.0,1.2343119773134121,57291.82473897934,6612.0,0.92523674550593,6117.66536128521,0.0,False,False,False,True
unknown,PB154802,14,58352.0,1.491420808157056,87027.38699758053,58464.0,1.4896075149318055,87088.41375297308,1648.0,1.2724807131854654,2097.048215329647,16.0,True,False,True,False
unknown,PB154802,15,40488.0,0.8865575467576224,35894.941953122616,121076.0,0.6638347931604244,80374.46141669154,80588.0,0.551937254474226,44479.519463568926,0.0,False,False,False,True
unknown,PB154802,17,41136.0,1.0950290072174653,45045.113240897655,105088.0,0.8692518180283297,91347.93505296111,63952.0,0.7240246092704443,46302.821812063456,35.0,True,False,False,False
unknown,PB154802,18,43696.0,1.2894498492154238,56343.80061131716,78752.0,1.1618504022043357,91498.04287439585,35056.0,1.0028024379016056,35154.24226307869,40.0,True,False,False,False
unknown,PB154802,19,56704.0,0.9676978602683756,54872.33946865797,57248.0,0.9666643240632226,55339.59922397137,544.0,0.8589333737378612,467.25975531339645,1.0,True,False,True,False
unknown,PB154802,20,40128.0,1.2389107560560677,49715.01081901789,40768.0,1.2360100149596622,50389.65628987551,640.0,1.0541335482150316,674.6454708576202,2.0,True,False,True,False
unknown,PB154802,22,38112.0,1.0560414072260649,40247.85011219978,253880.0,0.7949172040016488,201813.57975193858,215768.0,0.7487937490255219,161565.7296397388,0.0,False,False,False,True
unknown,PB154802,23,43408.0,1.1362083372356178,49320.531502723694,43408.0,1.1362083372356178,49320.531502723694,0.0,,0.0,0.0,False,False,True,False
unknown,PB154802,24,40832.0,1.466470515916013,59878.924105882645,40832.0,1.4643842001010585,59793.73565852642,944.0,1.0034495777750418,947.2564014196396,0.0,False,False,True,False
unknown,PB154802,25,43232.0,1.3415585663583238,57998.25994080305,150096.0,1.1164740941677567,167578.29563820362,106192.0,1.0232201840251984,108657.79778200388,0.0,False,False,False,True
unknown,PB154802,26,49520.0,1.521493806798306,75344.37331265211,184408.0,1.1572239817735104,213401.3600308895,133480.0,1.0222736447303817,136453.08609861135,2563.0,True,False,False,False
unknown,PB154802,27,29440.0,1.169230021149649,34422.131822645664,34160.0,1.1541069119784815,39424.29211318493,4832.0,1.0429853219908989,5039.7050758600235,0.0,False,False,False,True
unknown,PB154802,28,35956.0,0.9740500971583745,35022.945293426514,135813.0,0.8649839441982616,117476.0644133985,98993.0,0.8239256754846759,81562.87439325452,0.0,False,False,False,True
unknown,PB154802,29,50640.0,1.1156875505219515,56498.417558431625,210664.0,0.87982386645636,185347.21500316262,159816.0,0.8048514125443227,128628.13334718347,839.0,True,False,False,False
unknown,PB154802,30,40968.0,1.190366804206937,48766.947234749794,130004.0,0.9201608738583135,119624.59424507618,89036.0,0.795831427853075,70857.64701032639,6.0,True,False,False,False
unknown,PB154802,31,36192.0,1.083945215604771,39230.14524316788,38224.0,1.0811790267435164,41326.98711824417,2944.0,0.9488500982684933,2793.4146893024445,0.0,False,False,False,True
unknown,PB154802,32,36592.0,0.9837263647465269,35996.51513880491,168696.0,0.7867118140878939,132715.13618937135,132104.0,0.7321399885738996,96718.62105056643,0.0,False,False,False,True
unknown,PB154802,35,37280.0,1.0989658714683783,40969.44768834114,52288.0,1.0101332874578792,52817.84933459759,15008.0,0.7894723911418208,11848.401646256447,0.0,False,False,False,True
unknown,PB154802,36,36352.0,0.9513864514752436,34584.80028402805,99964.0,0.7726603706202336,77238.22128868103,63612.0,0.6705247595524897,42653.42100465298,0.0,False,False,False,True
unknown,PB154802,37,38688.0,1.7254799963140706,66755.37009739876,51696.0,1.5267023557098942,78924.4049807787,13744.0,0.9543861908159448,13117.083806574345,690.0,True,False,False,False
unknown,PB154802,38,43392.0,1.2221370300258836,53030.970006883144,75120.0,0.9954952446142801,74781.60277542472,31728.0,0.6855343157003774,21750.632768541574,0.0,False,False,False,True
unknown,PB154802,39,47600.0,1.100471625371891,52382.44936770201,268384.0,0.8851857472072763,237569.69157847762,218272.0,0.8377111492953783,182848.8879790008,73.0,True,False,False,False
unknown,PB154802,40,34648.0,1.0516708786318716,36438.292602837086,82120.0,0.9617541136447825,78979.24781250954,47472.0,0.8961273005070873,42540.95520967245,1.0,True,False,False,False
unknown,PB154802,41,33232.0,1.483462999437182,49298.44239729643,34528.0,1.4911082119381434,51484.98434180021,1344.0,1.381535213263262,1856.783326625824,5.0,True,False,True,False
unknown,PB154802,43,42080.0,1.1703880627898096,49249.92968219519,90192.0,0.9953114545392096,89769.13070780039,48112.0,0.8421849232126123,40519.2010256052,0.0,False,False,False,True
unknown,PB154802,44,36688.0,1.156929830734192,42445.441629976034,245816.0,0.8373071473537634,205823.4937339127,207000.0,0.7804099426220581,161544.85812276602,0.0,False,False,False,True
unknown,PB154802,45,35368.0,0.9591068680154012,33921.69170796871,43752.0,0.9352040037193994,40917.04557073116,8384.0,0.8343694969897962,6995.353862762451,0.0,False,False,False,True
unknown,PB154802,46,40864.0,1.3272211919119326,54235.566786289215,53840.0,1.2537541056646901,67502.12104898691,12976.0,1.0223916663607966,13266.554262697697,4160.0,True,False,False,False
unknown,PB154802,47,33328.0,1.673800453643815,55784.42151904106,35888.0,1.6599501850157379,59572.2922398448,3776.0,1.4752228464773398,5570.441468298435,89.0,True,False,False,False
unknown,PB154802,48,34048.0,1.1620585054554802,39565.76799374819,159488.0,0.8752112346168766,139585.6893865764,124624.0,0.7965684553692236,99271.54718193412,0.0,False,False,False,True
unknown,PB154802,50,39344.0,1.060130550248466,41709.77636897564,146496.0,0.7771084627029582,113843.28135213256,107136.0,0.6731673946802748,72120.46199646592,0.0,False,False,False,True
unknown,PB154802,51,30048.0,0.9765825115909941,29344.35130828619,99552.0,0.6579800163848042,65503.22659114003,69504.0,0.5202416448384818,36158.87528285384,0.0,False,False,False,True
unknown,PB154802,52,49640.0,0.9827310532055297,48782.769481122494,114256.0,0.8862346319922286,101257.62411290407,63864.0,0.8099308650523935,51725.42476570606,1.0,True,False,False,False
unknown,PB154802,53,33232.0,1.4625238025014826,48602.59100472927,47120.0,1.3916827575346307,65576.0915350318,13888.0,1.2221702570782347,16973.500530302525,0.0,False,False,False,True
unknown,PB154802,54,30464.0,1.1400824081927474,34731.47048318386,119840.0,0.8417645306280442,100877.06135046482,89088.0,0.7387132198354444,65810.48332870007,0.0,False,False,False,True
unknown,PB154802,55,46320.0,1.3141666931822407,60872.20122820139,99776.0,1.0909950009883502,108855.11721861362,53456.0,0.897615159952339,47982.915990412235,0.0,False,False,False,True
unknown,PB154802,56,31536.0,1.0303755743927092,32493.92411404848,268040.0,0.8273601701828085,221765.6200158,234232.0,0.7995673902359502,187284.2689497471,0.0,False,False,False,True
unknown,PB154802,57,27696.0,1.574834310245748,43616.61105656624,135384.0,1.2451596294657907,168574.69127559662,107112.0,1.1598822809780844,124237.31088012457,0.0,False,False,False,True
unknown,PB154802,58,30496.0,1.0589862907342495,32294.845922231674,31152.0,1.054122599363174,32838.027215361595,656.0,0.8280202639175624,543.181293129921,0.0,False,False,True,False
unknown,PB154802,59,41808.0,1.130974401344559,47283.777771413326,131216.0,0.9178731100861546,120439.63801306486,88028.0,0.8171470764941986,71931.82284963131,2.0,True,False,False,False
unknown,PB154802,60,29364.0,1.0958723119012084,32179.19456666708,81972.0,0.9144187256859626,74956.73178192973,52560.0,0.8129518226667943,42728.74779936671,0.0,False,False,False,True
unknown,PB154802,61,26656.0,1.4082846281019186,37539.23504668474,30704.0,1.4084120890637155,43243.884782612324,4288.0,1.3909184557816654,5964.258338391781,0.0,False,False,False,True
unknown,PB154802,62,30332.0,1.0891455041396183,33035.9614315629,31468.0,1.0780151379756981,33922.98036181927,1152.0,0.7813037473501431,900.0619169473648,0.0,False,False,True,False
unknown,PB154802,64,31088.0,1.0116913862031756,31451.461814284325,279960.0,0.7303283825244183,204462.73397153616,248696.0,0.6950324510025868,172851.79043453932,0.0,False,True,False,False
unknown,PB154802,65,37792.0,1.1849441290655625,44781.40852564573,77856.0,1.000317770522662,77880.74034181237,40064.0,0.8261614371047983,33099.33181616664,0.0,False,False,False,True
unknown,PB154802,66,50608.0,1.3592218198070618,68787.49785679579,60432.0,1.2985799654574584,78475.78447252512,10704.0,0.981039958049631,10501.05171096325,11134.0,True,False,False,False
unknown,PB154802,67,30576.0,1.3171085406256589,40271.91073817015,31808.0,1.3119367320948774,41730.08357447386,1232.0,1.183581847649116,1458.172836303711,0.0,False,False,True,False
unknown,PB154802,68,28240.0,1.2081683688034586,34118.67473500967,28304.0,1.2094512702386517,34232.3087528348,736.0,0.8873336919299935,653.0775972604752,0.0,False,False,True,False
unknown,PB154802,70,21568.0,1.1173391126466568,24098.76998156309,73408.0,0.8358296800503034,61356.58515313268,51840.0,0.7187078543898454,37257.815171569586,0.0,False,False,False,True
unknown,PB154802,71,33024.0,0.905970836480603,29918.780903935432,33360.0,0.9061350617352293,30228.665659487247,1056.0,0.7822073713283647,826.0109841227531,0.0,False,False,True,False
unknown,PB154802,72,28880.0,1.1346287252892253,32768.077586352825,28880.0,1.1346287252892253,32768.077586352825,0.0,,0.0,0.0,False,False,True,False
unknown,PB154802,73,41072.0,1.1882431600496817,48803.52306956053,69840.0,1.1029737462984124,77031.68644148111,28960.0,0.9818597621907023,28434.658713042736,768.0,True,False,False,False
unknown,PB154802,74,33040.0,0.9919128106415416,32772.799263596535,326236.0,0.7356129732945751,239983.433955729,293196.0,0.7067307694925322,207210.63469213247,0.0,False,True,False,False
unknown,PB154802,75,49896.0,1.1111162722550352,55440.25752043724,146172.0,0.8645569773533253,126374.02249369025,96276.0,0.7367751565629338,70933.76497325301,18.0,True,False,False,False
unknown,PB154802,76,34064.0,1.1172757334429761,38058.88058400154,128320.0,0.8760018809638137,112408.56136527658,94208.0,0.7904934112135062,74470.803283602,3.0,True,False,False,False
unknown,PB154802,77,30592.0,1.2617530368880279,38599.54890447855,30864.0,1.2588402059946948,38852.84411782026,784.0,1.0502001805116936,823.3569415211678,23.0,True,False,True,False
unknown,PB154802,78,28768.0,1.2851442322715105,36971.02927398682,66456.0,1.2222482255135645,81225.72807472944,38296.0,1.1718280059617174,44876.32531630993,0.0,False,False,False,True
unknown,PB154802,81,26608.0,1.1180091410498982,29747.987225055695,86668.0,1.0939158454751277,94807.49849563837,60060.0,1.0832419458971474,65059.511270582676,0.0,False,False,False,True
unknown,PB154802,82,29040.0,1.131558966183055,32860.47237795591,111615.0,0.9027759374472337,100763.33625817299,82783.0,0.8227720160293828,68111.5358029604,0.0,False,False,False,True
unknown,PB154802,83,24960.0,1.1479997997578137,28654.075001955032,25392.0,1.1474809617968422,29136.83658194542,1040.0,1.0062240602305301,1046.4730226397514,0.0,False,False,True,False
unknown,PB154802,84,25488.0,1.1607214870224827,29584.46926122904,25488.0,1.1564170716977014,29474.758323431015,800.0,0.852516130656004,682.0129045248032,0.0,False,False,True,False
unknown,PB154802,85,31280.0,1.1086340677574316,34678.07363945246,31776.0,1.1041483205760954,35085.41703462601,496.0,0.821256845107963,407.34339517354965,0.0,False,False,True,False
unknown,PB154802,86,26489.0,1.2190607881450612,32291.70121717453,68069.0,1.0593748369869138,72110.58577886224,40472.0,0.9544269552652804,38627.56773349643,11.0,True,False,False,False
unknown,PB154802,87,21516.0,1.1588018110392815,24932.779766321182,67552.0,0.9830689300985478,66408.2723660171,45700.0,0.899075305555138,41087.74146386981,0.0,False,False,False,True
unknown,PB154802,88,24800.0,1.0896803586329182,27024.072894096375,70944.0,0.8675734951309138,61549.13403856754,46144.0,0.7482026080199196,34525.06114447117,0.0,False,False,False,True
unknown,PB154802,89,21540.0,1.1681200947187074,25161.306840240955,21540.0,1.1681200947187074,25161.306840240955,0.0,,0.0,2.0,True,False,True,False
unknown,PB154802,90,24080.0,1.3485769352693098,32473.73260128498,45312.0,1.2827446250387042,58123.72444975376,21232.0,1.20808175623911,25649.99184846878,0.0,False,False,False,True
unknown,PB154802,91,26112.0,1.107033310636111,28906.85380733013,121032.0,0.8766006670574102,106096.73193529248,94968.0,0.8135866634805038,77264.69825741649,39.0,True,False,False,False
unknown,PB154802,92,25664.0,1.2248093342626853,31433.506754517555,32416.0,1.2159083251788962,39414.8842689991,7584.0,1.1443898517025421,8679.05263531208,0.0,False,False,False,True
unknown,PB154802,93,22320.0,1.3287595369936531,29657.912865698338,26720.0,1.3063640982537212,34906.04870533943,5040.0,1.1743595582625224,5918.772173643112,35.0,True,False,False,False
unknown,PB154802,94,18672.0,1.135374747092206,21199.71727770567,34336.0,1.0331272742027922,35473.45808702707,15120.0,0.8991096678313124,13594.538177609444,0.0,False,False,False,True
unknown,PB154802,95,26656.0,1.2272830482120631,32714.456933140755,28192.0,1.214888897886189,34250.14780920744,1424.0,0.9360945225599107,1332.9986001253128,0.0,False,False,True,False
unknown,PB154802,96,18816.0,1.1207619815127177,21088.257444143295,25680.0,1.0696823599646768,27469.4430038929,6624.0,0.9189533455306349,6087.146960794926,11.0,True,False,False,False
unknown,PB154802,97,27776.0,1.0266810277871754,28517.09222781658,48128.0,0.9679090397264016,46583.526263952255,21008.0,0.8895078389781264,18686.78068125248,0.0,False,False,False,True
unknown,PB154802,98,28592.0,1.2013444319142266,34348.839997291565,28624.0,1.2012001659914793,34383.1535513401,32.0,1.072298564016819,34.31355404853821,0.0,False,False,True,False
unknown,PB154802,99,26064.0,1.0708278810995315,27910.05789297819,26064.0,1.0683560029445176,27845.630860745907,656.0,0.7841076693702035,514.3746311068535,0.0,False,False,True,False
unknown,PB154802,100,19760.0,1.171592074557234,23150.659393250942,36720.0,1.0493221528260017,38531.10945177078,16960.0,0.9068661591108397,15380.45005851984,0.0,False,False,False,True
unknown,PB154802,101,25824.0,1.1292379543674553,29161.440933585167,76196.0,0.8574014444898993,65330.56046435237,50372.0,0.7180401717376161,36169.1195307672,0.0,False,False,False,True
unknown,PB154802,102,22992.0,1.161528936497188,26705.873307943344,22992.0,1.1574648613383685,26612.432091891766,752.0,0.8402449162082469,631.8641769886017,0.0,False,False,True,False
unknown,PB154802,104,22480.0,1.4448873635129573,32481.06793177128,27148.0,1.4610834669646167,39665.493961155415,5356.0,1.470423927117498,7875.590553641319,332.0,True,False,False,False
unknown,PB154802,105,15104.0,1.168142017651886,17643.617034614086,54976.0,0.9111362705522188,50090.62760987878,40048.0,0.8186282130442724,32784.42267599702,0.0,False,False,False,True
unknown,PB154802,106,23376.0,1.3249523338315463,30972.08575564623,53956.0,1.0520020198985294,56761.820985645056,31380.0,0.8491172053342492,26645.29790338874,0.0,False,False,False,True
unknown,PB154802,107,23360.0,1.0390240865925404,24271.602662801743,23360.0,1.0408761802856645,24314.86757147312,640.0,0.7666312740184367,490.64401537179947,0.0,False,False,True,False
unknown,PB154802,108,35680.0,1.3954225042609356,49788.67495203018,106912.0,1.222969604464874,130750.1263525486,69488.0,1.1324658369790868,78692.78608000278,0.0,False,False,False,True
unknown,PB154802,110,22528.0,1.222442034825111,27539.174160540104,73692.0,0.9283392239259481,68411.17408955097,50812.0,0.8019479294149535,40748.57818943262,94.0,True,False,False,False
unknown,PB154802,111,25760.0,1.1122715941358428,28652.116264939308,100864.0,0.8863566769845429,89401.47986736894,75104.0,0.8088698817963041,60749.36360242963,0.0,False,False,False,True
unknown,PB154802,112,25632.0,1.1172265281131055,28636.750368595123,61248.0,0.9412857813847251,57651.87153825164,35296.0,0.8130910472761999,28698.86160466075,0.0,False,False,False,True
unknown,PB154802,113,20128.0,1.004590402770379,20220.395626962185,35340.0,0.9559301805769446,33782.57258158922,15212.0,0.8915446328311226,13562.176954627037,0.0,False,False,False,True
unknown,PB154802,115,22448.0,1.0504763201277383,23581.092434227467,59020.0,0.8618091219463658,50863.97437727451,37148.0,0.7443368530214391,27650.62541604042,0.0,False,False,False,True
unknown,PB154802,116,27056.0,1.1597025953365423,31376.913419425488,29408.0,1.1618924264322816,34168.93247652054,2352.0,1.187082932438372,2792.019057095051,0.0,False,False,False,True
unknown,PB154802,117,25988.0,1.0540079186127629,27391.55778890848,68380.0,0.9256017095453735,63292.644898712635,42812.0,0.8444168648741618,36151.174818992615,0.0,False,False,False,True
unknown,PB154802,118,24432.0,1.2236402973596108,29895.979745090008,45264.0,1.1419183046189287,51687.79014027119,20960.0,1.046149842506488,21927.300698935986,0.0,False,False,False,True
unknown,PB154802,119,28256.0,1.1588448482003413,32744.320030748844,29968.0,1.1431372149470045,34257.536057531834,2384.0,0.9165641625705582,2185.0889635682106,0.0,False,False,False,True
unknown,PB154802,120,38112.0,1.3878118860121662,52892.28659969568,152168.0,1.1068998092037228,168434.73016691208,112900.0,1.0104323695506323,114077.81452226639,0.0,False,False,False,True
unknown,PB154802,121,19024.0,1.2341642837072242,23478.74133324623,20272.0,1.2145175623524442,24620.70002400875,1296.0,0.9138856691158848,1184.3958271741867,6.0,True,False,True,False
unknown,PB154802,122,19104.0,1.10728369313144,21153.54767358303,25856.0,1.0542669248730312,27259.125609517097,6752.0,0.904262135061325,6105.577935934067,0.0,False,False,False,True
unknown,PB154802,123,21344.0,1.2306209219873756,26266.372958898544,23648.0,1.218483705287837,28814.70266264677,2640.0,1.0872873152747298,2870.438512325287,0.0,False,False,False,True
unknown,PB154802,124,20560.0,1.108887937608454,22798.735997229815,31220.0,0.9508428204029054,29685.312852978706,10660.0,0.6460203429407966,6886.576855748892,0.0,False,False,False,True
unknown,PB154802,125,38256.0,1.2342704563494733,47218.25057810545,129328.0,1.0474642022165697,135466.4503442645,90144.0,0.9680672062605218,87265.45024114847,29.0,True,False,False,False
unknown,PB154802,126,24048.0,1.2464282504906872,29974.106567800045,77136.0,1.1117445774240393,85755.5297241807,53216.0,1.0508471733217883,55921.88317549229,0.0,False,False,False,True
unknown,PB154802,128,24416.0,0.9877343531112097,24116.521965563297,128036.0,0.6297864241572607,80635.33460339904,103620.0,0.5454430866419199,56518.81263783574,0.0,False,False,False,True
unknown,PB154802,129,20928.0,1.0504970240808271,21984.80171996355,105172.0,0.7638016654548933,80330.54875922203,83188.0,0.6907491725782376,57462.042168438435,0.0,False,False,False,True
unknown,PB154802,130,17808.0,1.8326954905844066,32636.641296327114,20080.0,1.7862261461695115,35867.42101508379,2272.0,1.4219981156499453,3230.7797187566757,211.0,True,False,False,False
unknown,PB154802,132,22880.0,1.1577533672505116,26489.397042691708,51996.0,1.0145629296505283,52753.21409010887,29820.0,0.9004639483893342,26851.834940969944,0.0,False,False,False,True
unknown,PB154802,133,23472.0,1.0717745609479894,25156.69249457121,23472.0,1.0717745609479894,25156.69249457121,0.0,,0.0,0.0,False,False,True,False
unknown,PB154802,134,17648.0,1.223339800662948,21589.500802099705,18896.0,1.2231990208819346,23113.568698585033,1744.0,1.0922901166620058,1904.953963458538,0.0,False,False,True,False
unknown,PB154802,136,18240.0,0.9573089040587084,17461.314410030842,18240.0,0.9556932506298549,17431.844891488552,624.0,0.630103117475907,393.184345304966,0.0,False,False,True,False
unknown,PB154802,137,18624.0,1.5026996644834678,27986.278551340103,56288.0,1.3105042470664616,73765.66305887699,37696.0,1.2154660557218036,45818.208436489105,0.0,False,False,False,True
unknown,PB154802,138,16156.0,1.536223674999602,24819.22969329357,47104.0,1.4085736083886686,66349.45124953985,30948.0,1.3419355550034342,41530.22155624628,0.0,False,False,False,True
unknown,PB154802,139,27072.0,0.7861632057652758,21283.010306477547,136888.0,0.5753306465384648,78755.86154335737,108600.0,0.5217102086297056,56657.72865718603,0.0,False,False,False,True
unknown,PB154802,140,23968.0,1.0579864883743157,25357.8201533556,77712.0,0.9511232478875841,73913.68983983994,53936.0,0.9033130670645424,48721.09358519316,0.0,False,False,False,True
unknown,PB154802,141,19632.0,0.9943411115985045,19520.90470290184,38048.0,0.9678078774469329,36823.1541211009,18688.0,0.937524713416367,17520.461844325066,0.0,False,False,False,True
unknown,PB154802,143,12800.0,1.108581943041645,14189.848870933056,12800.0,1.108581943041645,14189.848870933056,0.0,,0.0,0.0,False,False,True,False
unknown,PB154802,144,16192.0,1.559892921042242,25257.786177515984,17040.0,1.5507152792153784,26424.188357830048,1504.0,1.3736635541662257,2065.9899854660034,0.0,False,False,True,False
unknown,PB154802,145,21728.0,1.226358214039383,26646.311274647713,24368.0,1.1994615439973766,29228.478904128075,2976.0,0.9611880559754628,2860.4956545829773,0.0,False,False,False,True
unknown,PB154802,146,13216.0,1.4558055166551984,19239.9257081151,40000.0,1.1907079273998737,47628.31709599495,26640.0,1.0570703944733908,28160.355308771133,12.0,True,False,False,False
unknown,PB154802,147,10148.0,1.246723407899295,12651.749143362045,15288.0,1.247090498204789,19065.519536554813,5112.0,1.2482672997506945,6381.14243632555,0.0,False,False,False,True
unknown,PB154802,148,16460.0,1.7006900633561943,27993.35844284296,16892.0,1.7053012857992107,28805.94931972027,1124.0,1.4512308638715234,1631.1834909915924,6402.0,True,False,True,False
unknown,PB154802,149,11040.0,1.0014318507758604,11055.807632565498,11040.0,1.015044644534372,11206.092875659466,528.0,0.9871137980936151,521.1960853934288,0.0,False,False,True,False
unknown,PB154802,151,9440.0,1.2927928238160025,12203.964256823063,9632.0,1.28919735504469,12417.548923790455,192.0,1.1124201404551666,213.58466696739197,184.0,True,True,True,False
unknown,PB154802,153,12400.0,1.2953415936712296,16062.235761523247,12928.0,1.2874564007892837,16644.23634940386,848.0,1.1254676924139824,954.396603167057,0.0,False,False,True,False
unknown,PB154802,154,10384.0,1.555173920476106,16148.925990223885,10448.0,1.5507840469171497,16202.59172219038,576.0,1.1508668118880854,662.8992836475372,1973.0,True,False,True,False
unknown,PB154802,157,7232.0,1.0484417922366245,7582.331041455269,10064.0,1.0202807172635402,10268.105138540268,3104.0,0.9518032407330483,2954.397259235382,0.0,False,False,False,True
unknown,PB154802,160,2112.0,1.0674907159850453,2254.5403921604156,8064.0,0.9914285184460736,7994.879572749138,5952.0,0.964438706416116,5740.339180588722,0.0,False,True,False,False
unknown,PB154805,1,95440.0,1.6214780287909238,154753.86306780577,209676.0,1.3165969171745597,276058.775205493,114236.0,1.061879898960811,121304.9121376872,20187.0,True,False,False,False
unknown,PB154805,3,67776.0,0.9609573845042758,65129.8476921618,71296.0,0.9512073740829619,67817.28094261885,4480.0,0.7301698169537953,3271.160779953003,0.0,False,False,False,True
unknown,PB154805,4,59264.0,0.9705074187820741,57516.15166670084,148868.0,0.7552645877636279,112434.72865119576,89604.0,0.6129031849526241,54918.576984494925,0.0,False,False,False,True
unknown,PB154805,5,77344.0,1.3524923212363866,104607.16609370708,151715.0,1.16497714834113,176744.50806057453,74135.0,0.9699139439320784,71904.57023340464,12815.0,True,False,False,False
unknown,PB154805,6,72896.0,1.114134126215277,81215.92126458883,85472.0,1.1092856560782496,94812.86359632015,13360.0,1.0731748521774116,14337.616025090218,0.0,False,False,False,True
unknown,PB154805,8,52000.0,1.051989805808434,54703.469902038574,97264.0,0.8595972206161041,83607.86406600475,45296.0,0.6386080499105511,28926.39022874832,0.0,False,False,False,True
unknown,PB154805,9,50268.0,0.9657670572160574,48547.178432136774,136532.0,0.652669586967684,89110.28404787183,86264.0,0.47022055104951144,40563.105615735054,0.0,False,False,False,True
unknown,PB154805,10,47216.0,1.0867349153308192,51311.27576225996,72416.0,0.9490696123385102,68727.82504710555,25200.0,0.6911329081287932,17416.54928484559,1958.0,True,False,False,False
unknown,PB154805,11,51088.0,0.9552473025568555,48801.674193024635,51088.0,0.9559366174195063,48836.88991072774,704.0,0.7217848263680935,508.1365177631378,0.0,False,False,True,False
unknown,PB154805,13,54948.0,0.8805480912960174,48384.35652053356,141236.0,0.7070640953138828,99862.90456575155,86288.0,0.5965898855601937,51478.54804521799,0.0,False,False,False,True
unknown,PB154805,14,41184.0,0.9329227189509532,38421.48925727606,166384.0,0.6690447650409548,111318.34418657422,124496.0,0.5817370367661461,72423.93412923813,0.0,False,False,False,True
unknown,PB154805,15,34944.0,1.0168335004385574,35532.22983932495,118772.0,0.8560654911834686,101676.61051884294,83828.0,0.7890487746280238,66144.38067951798,2.0,True,False,False,False
unknown,PB154805,17,47008.0,0.9958137906048069,46811.21466875076,224472.0,0.6877463474052419,154379.79809474945,177032.0,0.6062841152980128,107331.68949943781,144.0,True,False,False,False
unknown,PB154805,18,33212.0,1.0756465861930282,35724.37442064285,35612.0,1.051796310524465,37456.57021039724,3252.0,0.8060917334326372,2621.4103171229362,587.0,True,False,False,False
unknown,PB154805,19,45696.0,1.0498064469966089,47971.955401957035,225724.0,0.7089071610012629,160017.36000984907,179500.0,0.6220431083314598,111656.73794549704,30.0,True,False,False,False
unknown,PB154805,20,42128.0,1.00132491719579,42183.81611162424,74608.0,0.9188604273721688,68554.33876538277,32480.0,0.8119003280098068,26370.522653758526,0.0,False,False,False,True
unknown,PB154805,21,33192.0,1.0648857505853333,35345.68783342838,39212.0,1.052263640347645,41261.36186531186,5904.0,0.9490870570960811,5603.4099850952625,16.0,True,False,False,False
unknown,PB154805,22,41648.0,1.166403838556762,48578.38706821203,41744.0,1.16612239921342,48678.61343276501,96.0,1.044024630760153,100.2263645529747,1990.0,True,False,True,False
unknown,PB154805,23,38000.0,0.9307298012046438,35367.73244577646,38448.0,0.9298916041054207,35752.472394645214,448.0,0.8587945287248918,384.7399488687515,0.0,False,False,True,False
unknown,PB154805,25,41344.0,0.9691147953062823,40067.082097142935,119708.0,0.7565075054017374,90560.00045663118,77980.0,0.6441769124640505,50232.91563394666,107.0,True,False,False,False
unknown,PB154805,26,47120.0,1.336889189786589,62994.21862274408,56656.0,1.2943461414945223,73332.47499251366,9376.0,1.0866047591860994,10188.006222128868,12243.0,True,False,False,False
unknown,PB154805,27,38944.0,1.12339263237422,43749.40267518163,117024.0,0.7703702543277191,90151.808642447,78080.0,0.5942931092119028,46402.40596726537,60.0,True,False,False,False
unknown,PB154805,28,46832.0,1.022507952026664,47886.092409312725,57264.0,0.9896147958184878,56669.30166774988,10960.0,0.8368499927766567,9171.875920832157,1.0,True,False,False,False
unknown,PB154805,29,32048.0,1.2273657634850597,39334.61798816919,36944.0,1.2073549092099902,44604.51976585388,4896.0,1.0763688271414804,5269.901777684689,0.0,False,False,False,True
unknown,PB154805,30,31600.0,0.9570096251557145,30241.504154920578,31600.0,0.9570096251557145,30241.504154920578,0.0,,0.0,43.0,True,False,True,False
unknown,PB154805,31,33584.0,1.2410947153697047,41680.92492097616,34384.0,1.2353455502714956,42476.12140053511,1504.0,1.0021527402816301,1507.2377213835716,2744.0,True,False,True,False
unknown,PB154805,32,42624.0,0.7899458979357135,33670.65395361185,155836.0,0.6109911559462828,95214.41777804494,113212.0,0.5436151982513611,61543.76382443309,0.0,False,False,False,True
unknown,PB154805,33,37072.0,0.8656313184457423,32090.68423742056,48184.0,0.835047575842299,40235.93239438534,11656.0,0.7288981130782594,8496.036406040192,0.0,False,False,False,True
unknown,PB154805,34,36436.0,1.0112369220095705,36845.42849034071,39092.0,0.9973048429677348,38986.64092129469,2656.0,0.8061793791242393,2141.2124309539795,0.0,False,False,False,True
unknown,PB154805,35,39744.0,0.8735190827051559,34717.142423033714,136368.0,0.722611110559109,98541.03192472458,96624.0,0.6605386808835368,63823.889501690865,0.0,False,False,False,True
unknown,PB154805,36,40616.0,0.7997846243984121,32484.052304565907,120109.0,0.6361234668518808,76404.15348011255,79493.0,0.5525027508780226,43920.101175546646,0.0,False,False,False,True
unknown,PB154805,37,33904.0,1.0890363835399586,36922.68954753876,78272.0,0.8751643360794225,68500.86291360855,44448.0,0.7119080322486857,31642.888217389584,5.0,True,False,False,False
unknown,PB154805,38,35920.0,0.8738334528288756,31388.097625613213,205452.0,0.7392610129084057,151882.65362405777,169500.0,0.7104048312779373,120413.61890161037,0.0,False,False,False,True
unknown,PB154805,39,28704.0,0.8709303588318819,24999.185019910336,103008.0,0.7072731534828631,72854.79299396276,74304.0,0.6440515715715497,47855.60797405243,0.0,False,False,False,True
unknown,PB154805,41,35088.0,0.7810817373881683,27406.59600147605,113648.0,0.6207532667965704,70547.36726489663,78560.0,0.5491442370598343,43140.77126342058,0.0,False,False,False,True
unknown,PB154805,42,36992.0,0.9864239994674973,36489.79658830166,94400.0,0.7956245536221412,75106.95786193013,57408.0,0.6726790913048438,38617.16127362847,49.0,True,False,False,False
unknown,PB154805,43,36368.0,0.924514818803833,33622.7549302578,43472.0,0.8934342455623461,38839.37352308631,7920.0,0.7270343052430286,5758.111697524786,0.0,False,False,False,True
unknown,PB154805,44,46624.0,1.110103446559427,51757.46309238672,49616.0,1.091130419350471,54137.52688649297,3856.0,0.8405513185544009,3241.16588434577,539.0,True,False,False,False
unknown,PB154805,45,28768.0,1.2738861636122951,36647.15715479851,97248.0,0.7710141043214592,74979.57961705327,68480.0,0.5597608420305894,38332.42246225476,694.0,True,False,False,False
unknown,PB154805,46,33200.0,1.0307631520262683,34221.33664727211,33216.0,1.0306911858207832,34235.43842822313,16.0,0.8813613094389439,14.101780951023102,306.0,True,False,True,False
unknown,PB154805,47,29008.0,0.8703100193133686,25245.953040242195,50496.0,0.7432246070894613,37529.869759589434,21488.0,0.5716640319874925,12283.916719347239,8.0,True,False,False,False
unknown,PB154805,48,30752.0,1.1453886658406809,35222.99225193262,132304.0,0.9770672421806459,129269.90440946817,101488.0,0.9261522231611491,93993.3368241787,0.0,False,False,False,True
unknown,PB154805,49,31552.0,1.1196965890998893,35328.66677927971,100736.0,0.8949573762682912,90154.42625576258,69184.0,0.7924629896577657,54825.75947648287,2.0,True,False,False,False
unknown,PB154805,50,43836.0,0.9240716082185102,40507.60301786661,207788.0,0.6230000816708001,129451.94097021222,162512.0,0.5424995090083671,88162.68020796776,0.0,False,False,False,True
unknown,PB154805,51,42336.0,1.1059232774139216,46820.36787259579,275636.0,0.7910116455648821,218031.28593692183,233300.0,0.7338659154064554,171210.91806432605,0.0,False,True,False,False
unknown,PB154805,53,37024.0,0.9981699079104482,36956.24267047644,98364.0,0.7961211367683526,78309.65949708223,61340.0,0.6741672126932801,41353.4168266058,0.0,False,False,False,True
unknown,PB154805,54,30592.0,0.9856159404761871,30151.962851047516,38272.0,0.9839019399341881,37655.89504516125,7680.0,0.9770745044418921,7503.932194113731,0.0,False,False,False,True
unknown,PB154805,55,37488.0,0.9673571301098696,36264.28409355879,129384.0,0.8174054037851205,105759.18076333404,91896.0,0.7562341850545753,69494.89666977525,1.0,True,False,False,False
unknown,PB154805,56,27088.0,0.9641889380615665,26117.949954211712,37952.0,0.9037302372455722,34298.36996394396,10864.0,0.752984168789787,8180.420009732246,0.0,False,False,False,True
unknown,PB154805,57,41408.0,0.939228999655164,38891.59441772103,97876.0,0.7586128800221948,74249.99424505234,56628.0,0.6263977987792412,35471.65454927087,0.0,False,False,False,True
unknown,PB154805,58,32240.0,1.1509825310177602,37107.67680001259,35152.0,1.1387260415636657,40028.49781304598,2912.0,1.0030291940361917,2920.82101303339,2.0,True,False,False,False
unknown,PB154805,59,34960.0,1.1061030780986054,38669.363610327244,64512.0,0.8768993010878422,56570.52771177888,29552.0,0.6057513569792784,17901.164101451635,606.0,True,False,False,False
unknown,PB154805,61,32072.0,1.1072794609338632,35512.66687107086,80568.0,0.8787029505226542,70795.33931770921,47968.0,0.7279709010037673,34919.30817934871,1.0,True,False,False,False
unknown,PB154805,62,31024.0,0.9223198585611849,28614.0512920022,31424.0,0.9216193920058291,28960.967774391174,1168.0,0.7755940699924345,905.8938737511635,0.0,False,False,True,False
unknown,PB154805,63,29504.0,1.2314402021532334,36332.411724328995,74868.0,1.0124864208126334,75802.83335340023,45364.0,0.8700824801400061,39470.421629071236,2896.0,True,False,False,False
unknown,PB154805,64,25252.0,1.0278048342539055,25954.12767457962,67803.0,0.8864097525450606,60101.240451812744,42551.0,0.8024984789366436,34147.112777233124,0.0,False,False,False,True
unknown,PB154805,65,33168.0,1.2679015941472227,42053.76007467508,33856.0,1.2645183962933535,42811.53482490778,1360.0,1.1009122515864231,1497.2406621575356,6273.0,True,False,True,False
unknown,PB154805,66,30904.0,0.9819844688544179,30347.248025476933,56000.0,0.8598734421623605,48152.912761092186,24664.0,0.7078490758020499,17458.38960558176,155.0,True,False,False,False
unknown,PB154805,67,26176.0,1.0883323365007243,28488.187240242958,91488.0,0.9212152780557782,84280.14335876703,64512.0,0.8524480426586085,54993.12812799215,26.0,True,False,False,False
unknown,PB154805,68,24644.0,1.2294604117835308,30298.822387993336,25208.0,1.223714904812963,30847.40532052517,1124.0,0.9952570612532389,1118.6689368486404,1031.0,True,False,True,False
unknown,PB154805,69,40732.0,1.2032930074272625,49012.53077852726,127396.0,1.0118935305971775,128911.18822395802,85912.0,0.9213501263969393,79155.03205901384,6680.0,True,False,False,False
unknown,PB154805,70,47680.0,1.020460882535417,48655.57487928867,97056.0,0.964713611489268,93631.2442767024,49456.0,0.9065408003150414,44833.88182038069,1.0,True,False,False,False
unknown,PB154805,71,32112.0,0.9200528453187261,29544.73696887493,112768.0,0.6844753178851901,77186.91264727712,80624.0,0.5906452125126519,47620.17961362004,0.0,False,False,False,True
unknown,PB154805,72,28784.0,1.1737641623578117,33785.62764930725,69856.0,1.0608034879754182,74103.48845601082,41072.0,0.9816386055391402,40317.86080670357,0.0,False,False,False,True
unknown,PB154805,73,20656.0,1.0808310207097822,22325.64556378126,21600.0,1.0767254218900646,23257.269112825394,944.0,0.9868893528009876,931.6235490441322,0.0,False,False,True,False
unknown,PB154805,74,27696.0,1.0043110249317635,27815.398146510124,163052.0,0.6458246523186166,105303.00120985508,135356.0,0.5724726134293637,77487.60306334496,147.0,True,False,False,False
unknown,PB154805,75,22432.0,1.1982832355863187,26879.889540672302,30896.0,1.1360258392001883,35098.65432792902,8464.0,0.9710260854509355,8218.764787256718,837.0,True,False,False,False
unknown,PB154805,76,26128.0,1.0166416977488293,26562.814278781414,174960.0,0.7543716879344362,131984.87052100897,148832.0,0.708329231900583,105422.05624222755,0.0,False,False,False,True
unknown,PB154805,78,22464.0,1.2680686470068079,28485.89408636093,36248.0,1.1371255764300738,41218.52789443731,14004.0,0.9268042079783003,12978.966128528118,1436.0,True,False,False,False
unknown,PB154805,79,31520.0,0.8138405770857624,25652.254989743233,303520.0,0.5981455501791485,181549.13739037514,270944.0,0.5728177363888922,155201.528768152,0.0,False,True,False,False
unknown,PB154805,81,19784.0,1.1245741327908951,22248.57464313507,20440.0,1.1165054460386008,22821.371317029,656.0,0.8731656614236716,572.7966738939285,154.0,True,False,True,False
unknown,PB154805,82,13600.0,0.92849927605075,12627.5901542902,48928.0,0.886773566552788,43388.057064294815,35280.0,0.8677686737035137,30614.878808259964,0.0,False,False,False,True
unknown,PB154805,83,30448.0,1.1801577859347234,35933.44426614046,31904.0,1.1793427102906684,37625.74982911348,1456.0,1.1622977767671858,1692.3055629730225,0.0,False,False,True,False
unknown,PB154805,85,21744.0,0.9889420323084829,21503.55555051565,22368.0,0.9882482785800837,22105.137495279312,624.0,0.964073629428943,601.5819447636604,0.0,False,False,True,False
unknown,PB154805,86,31664.0,0.8193298640701884,25943.260815918446,31664.0,0.8239973218591076,26091.05119934678,896.0,0.6458257575120244,578.6598787307739,0.0,False,False,True,False
unknown,PB154805,87,14864.0,1.0339033614535313,15367.93956464529,20548.0,0.9853411645410775,20246.79024899006,5684.0,0.8583481147686081,4878.8506843447685,0.0,False,False,False,True
unknown,PB154805,88,28208.0,1.192541239086921,33639.20327216387,157592.0,0.7926608242691728,124917.00461822748,129384.0,0.7054798224360324,91277.80134606361,643.0,True,False,False,False
unknown,PB154805,89,27824.0,1.0389700041887848,28908.301396548748,141092.0,0.7857871105232728,110868.2749979496,113236.0,0.7235261571395106,81929.20792984962,0.0,False,False,False,True
unknown,PB154805,90,27328.0,0.9918893919210767,27106.353302419186,43600.0,0.9209361464017575,40152.81598311663,16272.0,0.8017737635630188,13046.462680697441,0.0,False,False,False,True
unknown,PB154805,92,28304.0,1.0033462022032658,28398.710907161236,63792.0,0.9227179915127761,58862.026114583015,35488.0,0.8584117224814524,30463.31520742178,0.0,False,False,False,True
unknown,PB154805,93,29408.0,1.0973054880035131,32269.559791207314,70416.0,0.9786238136306199,68910.77446061373,41184.0,0.8949047821069537,36855.75854629278,0.0,False,False,False,True
unknown,PB154805,94,26480.0,0.8735400240845821,23131.339837759733,103732.0,0.6202312820859193,64337.83135333657,77252.0,0.5334035560966297,41206.49151557684,0.0,False,False,False,True
unknown,PB154805,95,15248.0,1.1274010131579255,17190.61064863205,15328.0,1.1266160586533878,17268.770947039127,80.0,0.9770037300884724,78.16029840707779,3.0,True,False,True,False
unknown,PB154805,96,25072.0,0.9224142028124623,23126.768892914057,132588.0,0.6546573153051488,86799.70412167907,106780.0,0.5908970289210028,63095.98474818468,0.0,False,False,False,True
unknown,PB154805,98,29168.0,0.7770045020015225,22663.667314380407,103120.0,0.5812349953870033,59936.952724307775,73952.0,0.5040199779576937,37273.28540992737,0.0,False,False,False,True
unknown,PB154805,99,23408.0,0.8531249031037479,19969.94773185253,31040.0,0.8194929134811169,25437.06003445387,7632.0,0.716340710508561,5467.112302601337,0.0,False,False,False,True
unknown,PB154805,100,15600.0,1.0092074613999098,15743.636397838593,178080.0,0.7242487028195972,128974.20899811387,162480.0,0.6968892946841166,113230.57260027528,0.0,False,False,False,True
unknown,PB154805,101,24328.0,0.8833144262031245,21489.273360669613,24456.0,0.8828680078222699,21591.419999301434,128.0,0.798020614311099,102.14663863182068,0.0,False,False,True,False
unknown,PB154805,102,21664.0,0.9406018719885999,20377.19895476103,106208.0,0.6512553359085257,69168.5267161727,84544.0,0.5771116550129124,48791.32776141167,284.0,True,False,False,False
unknown,PB154805,103,15648.0,1.0641088200531184,16651.174816191196,18224.0,1.0293917608716385,18759.63545012474,2576.0,0.8185017988872454,2108.460633933544,998.0,True,False,False,False
unknown,PB154805,105,17712.0,1.3540740378584641,23983.359358549118,21344.0,1.3302992379552554,28393.906934916973,4272.0,1.1879026560803478,5074.720146775246,18.0,True,False,False,False
unknown,PB154805,106,21120.0,0.9614353609525345,20305.514823317528,117692.0,0.7438375476751676,87543.72866098583,96028.0,0.694824204532075,66722.5787128061,0.0,False,False,False,True
unknown,PB154805,107,21152.0,1.044419526707229,22091.561828911304,29032.0,1.0161610840190767,29501.188591241837,7880.0,0.9403079647627579,7409.626762330532,0.0,False,False,False,True
unknown,PB154805,108,15088.0,0.9729440628431445,14679.780020177364,15904.0,0.9642101113967433,15334.797611653805,816.0,0.8027176366132849,655.0175914764404,0.0,False,False,True,False
unknown,PB154805,109,20512.0,1.1821673505165136,24248.616693794727,21760.0,1.1774748019298866,25621.851689994335,1248.0,1.1003485546471217,1373.2349961996078,1427.0,True,False,True,False
unknown,PB154805,110,24192.0,1.059840980025314,25639.672988772392,132860.0,0.7299432364006583,96980.25838819146,108796.0,0.6571377232180999,71493.9557352364,357.0,True,False,False,False
unknown,PB154805,111,16768.0,1.229339552428289,20613.56561511755,32640.0,1.1486037679564427,37490.42698609829,16304.0,1.065693582476677,17375.06816869974,2398.0,True,False,False,False
unknown,PB154805,112,15052.0,1.3060555628147208,19658.74833148718,15308.0,1.3038515543459537,19959.35959392786,256.0,1.174262743908912,300.61126244068146,3268.0,True,True,True,False
unknown,PB154805,113,16160.0,1.1659934897713438,18842.454794704914,16160.0,1.1685458305596126,18883.700621843338,544.0,0.9398963533561019,511.30361622571945,144.0,True,False,True,False
unknown,PB154805,114,21728.0,1.0768293875964998,23397.348933696747,22672.0,1.0738587323641937,24346.525180161,1056.0,0.9283729314126752,980.361815571785,354.0,True,False,True,False
unknown,PB154805,115,11696.0,1.046622272249612,12241.29409623146,11712.0,1.0465414364837478,12257.093304097652,16.0,0.9874504916369915,15.799207866191864,0.0,False,True,True,False
unknown,PB154805,116,12064.0,0.948335180197415,11440.715613901615,101560.0,0.849393202429883,86264.37363877892,88568.0,0.8350139909083443,73955.51914677024,0.0,False,False,False,True
unknown,PB154805,117,15712.0,1.083047110484932,17016.83619993925,25168.0,1.038669981488701,26141.246094107628,8912.0,0.9536250084170427,8498.706075012684,612.0,True,False,False,False
unknown,PB154805,118,21072.0,1.200857792592741,25304.47540551424,22928.0,1.1937906270832426,27371.231497764587,1856.0,1.1135539290141956,2066.756092250347,0.0,False,False,True,False
unknown,PB154805,119,18460.0,0.9949368433471878,18366.534128189087,120532.0,0.7643243056315465,92125.53720638156,101032.0,0.7209425201405467,72838.26469483972,126.0,True,False,False,False
unknown,PB154805,120,13008.0,0.833154364897976,10837.671978592873,93264.0,0.6871771694238169,64088.89152914286,79408.0,0.6604239561313731,52442.94550848007,0.0,False,False,False,True
unknown,PB154805,121,9600.0,1.1851687763507168,11377.62025296688,31184.0,1.0488451760761122,32707.187970757484,21936.0,0.9897800456436336,21711.815081238747,1024.0,True,False,False,False
unknown,PB154805,122,6792.0,0.8725088966837059,5926.08042627573,37589.0,0.8725335519246389,32797.66368329525,30765.0,0.8720619649339183,26828.986351191998,0.0,False,False,False,True
unknown,PB154805,123,4944.0,0.9138442668039051,4518.0460550785065,54384.0,0.7555392289303504,41089.245426148176,49440.0,0.7397087251429949,36571.19937106967,0.0,False,False,False,True
unknown,PB154805,124,3792.0,0.9913348162444583,3759.141623198986,19920.0,0.7659481994852603,15257.688133746386,16160.0,0.7136717464018724,11532.935421854258,10.0,True,False,False,False
unknown,PB154808,1,231728.0,1.1165838292144947,258743.73757621646,253600.0,1.0887757241865768,276113.52365371585,21872.0,0.7941562764035932,17369.78607749939,1141.0,True,False,False,False
unknown,PB154808,2,53584.0,0.8559797433321469,45866.81856670976,137832.0,0.6394331376229649,88134.34822484851,84248.0,0.501703656563227,42267.52965813875,0.0,False,False,False,True
unknown,PB154808,6,49088.0,1.1616031323702862,57020.77456179261,69052.0,1.0429762433319878,72019.59555456042,19964.0,0.7512933777182834,14998.82099276781,0.0,False,False,False,True
unknown,PB154808,9,42944.0,1.0237911712675287,43965.688058912754,43248.0,1.0234908601775616,44263.93272095919,304.0,0.9810679672580016,298.2446620464325,0.0,False,False,True,False
unknown,PB154808,10,47504.0,1.019794776296678,48444.331053197384,63488.0,1.0109327168414188,64182.096326828,15984.0,0.9845949245264402,15737.765273630619,0.0,False,False,False,True
unknown,PB154808,11,46704.0,0.9561013294777598,44653.75649192929,102684.0,0.7749205334890962,79571.94006079435,55980.0,0.6237617643598617,34918.18356886506,0.0,False,False,False,True
unknown,PB154808,12,38240.0,1.0726647630863857,41018.70054042339,186728.0,0.7952284847685557,148491.42450386286,148488.0,0.7237805342077438,107472.72396343946,0.0,False,False,False,True
unknown,PB154808,13,47984.0,1.6246922399069854,77959.23243969679,58672.0,1.571377271055395,92195.84724736214,10896.0,1.2802295400576444,13949.381068468094,2065.0,True,False,False,False
unknown,PB154808,14,44016.0,0.9286545540857146,40875.658852636814,48944.0,0.931520555320617,45592.342059612274,5712.0,0.9161870381807914,5233.26036208868,0.0,False,False,False,True
unknown,PB154808,15,46640.0,1.0791309124341244,50330.66575592756,46640.0,1.0769871191072116,50230.67923516035,912.0,0.663751178600809,605.3410748839378,0.0,False,False,True,False
unknown,PB154808,16,65300.0,1.3008741031233422,84947.07893395424,78132.0,1.2619526875703826,98598.88738524914,13248.0,1.0597878812366854,14040.069850623608,1.0,True,False,False,False
unknown,PB154808,17,60832.0,1.0997271193421667,66898.60012382269,87088.0,0.9877748066597419,86023.3323623836,26368.0,0.7263866987856991,19153.364473581314,0.0,False,False,False,True
unknown,PB154808,18,53024.0,1.0427236653106735,55289.379629433155,63328.0,1.0184809474764884,64498.36144179106,10304.0,0.8937288249570946,9208.981812357903,0.0,False,False,False,True
unknown,PB154808,19,51764.0,0.896526989858022,46407.823103010654,117420.0,0.7436209230686124,87315.96878671646,65096.0,0.6224012036291756,40515.82875144482,0.0,False,False,False,True
unknown,PB154808,20,40032.0,1.011064626358384,40474.939122378826,137936.0,0.8208220983229827,113220.91695427895,97904.0,0.743033766055525,72745.97783190012,0.0,False,False,False,True
unknown,PB154808,21,39832.0,1.0985431756766644,43757.171773552895,140136.0,0.8197551041253694,114877.20127171278,99520.0,0.7081995035398907,70480.01459228992,0.0,False,False,False,True
unknown,PB154808,22,40832.0,1.11880735390116,45683.14187449217,73664.0,0.9766749381641983,71945.7826449275,33504.0,0.8019410868894946,26868.234175145626,0.0,False,False,False,True
unknown,PB154808,23,41265.0,1.0163372383223985,41939.15613937378,105325.0,0.844767611115895,88975.14864078164,63752.0,0.7337336101961796,46776.98511722684,0.0,False,False,False,True
unknown,PB154808,24,37360.0,0.7657122031891244,28607.007911145687,37376.0,0.76568206601891,28618.13289952278,16.0,0.6953117735683918,11.124988377094269,0.0,False,False,True,False
unknown,PB154808,25,37184.0,1.117124724115298,41539.16574150324,76976.0,0.9673144640464888,74459.99818444252,39696.0,0.8263963124850304,32804.62802040577,0.0,False,False,False,True
unknown,PB154808,27,45232.0,1.1294700293352042,51088.18836688995,86048.0,0.9620208797932043,82779.97266444564,40816.0,0.7764549269295297,31691.784297555685,0.0,False,False,False,True
unknown,PB154808,28,33472.0,1.1365182885675769,38041.54015493393,33920.0,1.129734710335099,38320.601374566555,1504.0,0.86759257827826,1304.859237730503,0.0,False,False,True,False
unknown,PB154808,29,38192.0,1.0122807119150927,38661.02494946122,38192.0,1.0122807119150927,38661.02494946122,0.0,,0.0,0.0,False,False,True,False
unknown,PB154808,30,40000.0,1.0586572287499905,42346.28914999962,120956.0,0.8235985306019076,99619.18386748433,80956.0,0.707457071958653,57272.89471748471,0.0,False,False,False,True
unknown,PB154808,31,37328.0,1.137743869875436,42469.703174710274,37328.0,1.134210949531324,42337.82632410526,880.0,0.6796951407058672,598.1317238211632,0.0,False,False,True,False
unknown,PB154808,32,46000.0,0.8056406840539497,37059.471466481686,126624.0,0.755372348862625,95648.26830238104,80640.0,0.7265966165008851,58592.751154631376,0.0,False,False,False,True
unknown,PB154808,33,37680.0,0.9059843561190898,34137.490538567305,64176.0,0.7354704533645345,47199.551815122366,26448.0,0.49581662569413637,13113.358116358519,0.0,False,False,False,True
unknown,PB154808,34,45224.0,1.1286629447744796,51042.65301448107,61440.0,1.102567670502564,67741.75767567754,16316.0,1.0283584520111162,16778.696503013372,0.0,False,False,False,True
unknown,PB154808,35,35824.0,1.028574219308777,36847.642832517624,82368.0,0.8268667545054533,68107.36083510518,46544.0,0.6716164919772163,31259.718002587557,0.0,False,False,False,True
unknown,PB154808,36,31760.0,1.0950700151304755,34779.4236805439,31872.0,1.0982907837477465,35004.72385960817,992.0,0.8785909676263409,871.5622398853302,0.0,False,False,True,False
unknown,PB154808,37,36544.0,0.8985160721691029,32835.371341347694,36752.0,0.8970114786824974,32966.96586453915,912.0,0.6890825225334418,628.443260550499,0.0,False,False,True,False
unknown,PB154808,38,29064.0,0.9369749371059795,27232.239572048187,30184.0,0.9329178884700474,28159.19354557991,1120.0,0.8276374763676099,926.953973531723,0.0,False,False,True,False
unknown,PB154808,39,31872.0,0.7605038396976739,24238.77837884426,112568.0,0.6452643895320154,72636.1218008399,80312.0,0.5988949144835942,48098.448372006416,0.0,False,False,False,True
unknown,PB154808,40,46608.0,0.9140203470038746,42600.660333156586,103128.0,0.7662289568466745,79019.65986168385,56392.0,0.6444004633199545,36339.03092753887,0.0,False,False,False,True
unknown,PB154808,41,29552.0,1.3172216753283255,38926.53494930267,37936.0,1.2675076092847513,48084.16866582632,8896.0,1.1113003804984924,9886.128184914589,0.0,False,False,False,True
unknown,PB154808,42,25904.0,1.1965241847034036,30994.762480556965,26048.0,1.1950754547853215,31129.325446248055,144.0,0.9344650395214558,134.56296569108963,0.0,False,False,True,False
unknown,PB154808,43,37472.0,0.8979629856740291,33648.46899917722,627776.0,0.6051718957110689,379912.392001912,584144.0,0.5854054924588938,341961.1059869081,0.0,False,True,False,False
unknown,PB154808,44,29616.0,0.8789163651724705,26029.987070947886,51620.0,0.815755054750146,42109.275926202536,22084.0,0.730991047796748,16143.20629954338,0.0,False,False,False,True
unknown,PB154808,45,30800.0,0.9703768905784402,29887.60822981596,31280.0,0.9660375806891247,30217.655523955822,960.0,0.7217637282485764,692.8931791186333,0.0,False,False,True,False
unknown,PB154808,46,38556.0,1.0401530882693608,40104.14247131348,43496.0,1.014416219907439,44123.04790109396,4940.0,0.8135436092673043,4018.9054297804832,0.0,False,False,False,True
unknown,PB154808,47,32044.0,1.2554767003998806,40230.49538761377,51808.0,1.1157385352216638,57804.18203276396,19764.0,0.8891766163302056,17573.686645150185,81.0,True,False,False,False
unknown,PB154808,48,32384.0,1.3243185348768274,42886.731433451176,43536.0,1.2390420787058325,53942.93593853712,12016.0,0.9884935751825213,11877.738799393177,13.0,True,False,False,False
unknown,PB154808,49,43344.0,0.9540727103356618,41353.32755678892,160252.0,0.8368978413545365,134114.55287274718,116668.0,0.7933606063409305,92559.79522058368,0.0,False,False,False,True
unknown,PB154808,51,58032.0,1.0826166887806898,62826.411683321,68576.0,1.070445095473571,73406.8428671956,10896.0,0.9710148508590749,10580.17781496048,0.0,False,False,False,True
unknown,PB154808,52,22400.0,1.6389793630263636,36713.13773179054,25264.0,1.5656727887241806,39555.1573343277,3744.0,1.1424234187883189,4277.233279943466,73.0,True,False,False,False
unknown,PB154808,53,34148.0,1.1391564300991799,38899.9137750268,38692.0,1.1378246189815162,44024.71015763283,4544.0,1.1278161053270312,5124.7963826060295,0.0,False,False,False,True
unknown,PB154808,55,28832.0,0.8114780175616421,23396.534202337265,137116.0,0.6075839480933072,83309.48062676191,108156.0,0.5532781415098478,59840.350673139095,0.0,False,False,False,True
unknown,PB154808,56,33424.0,1.2477569813332299,41705.02934408188,33744.0,1.2430715870947677,41946.20763492584,1008.0,0.9074431915604879,914.7027370929718,0.0,False,False,True,False
unknown,PB154808,57,37872.0,0.977986507515931,37038.30501264334,38368.0,0.9733666196493456,37346.13046270609,1472.0,0.7403715637148075,1089.8269417881966,0.0,False,False,True,False
unknown,PB154808,58,31968.0,0.9348185837503757,29884.280485332012,242736.0,0.6695624945071261,162526.92166668177,207740.0,0.6270658883007116,130266.66763558984,0.0,False,False,False,True
unknown,PB154808,60,24320.0,0.9641500294429103,23448.12871605158,55392.0,0.7812920670519496,43277.330178141594,31056.0,0.6373371238724771,19793.14171898365,0.0,False,False,False,True
unknown,PB154808,61,32912.0,0.8293509703124097,27295.599134922028,40832.0,0.8309764140446124,33930.428938269615,8176.0,0.8083431673784779,6609.013736486435,0.0,False,False,False,True
unknown,PB154808,62,29824.0,0.8867033002728221,26445.039227336645,76736.0,0.7357952682848233,56461.985707104206,46912.0,0.6398564648654409,30016.94647976756,0.0,False,False,False,True
unknown,PB154808,63,26608.0,0.8107938321998374,21573.60228717327,114768.0,0.694545031276037,79711.54414948821,88160.0,0.6594594131387811,58137.94186231494,0.0,False,False,False,True
unknown,PB154808,64,24896.0,0.8381420142702031,20866.383587270975,162608.0,0.6091199551123334,99047.77766090631,137712.0,0.5677166410598593,78181.39407363534,0.0,False,False,False,True
unknown,PB154808,65,33025.0,0.9084248439585233,30000.730471730232,53685.0,0.7946058641934934,42658.415819227695,20308.0,0.6106548757740473,12401.179217219353,0.0,False,False,False,True
unknown,PB154808,66,38272.0,0.8672596494866579,33191.76130515337,128864.0,0.7189095171387228,92641.55601656437,90064.0,0.6547665206821685,58970.891918718815,0.0,False,False,False,True
unknown,PB154808,67,35496.0,1.2080425474702883,42880.67826500535,42803.0,1.160275340449979,49663.265397280455,7307.0,0.928231440026701,6782.5871322751045,66.0,True,False,False,False
unknown,PB154808,68,26004.0,0.7873436958273912,20474.08546629548,35828.0,0.7883197327014576,28243.919383227825,9984.0,0.7893485115118659,7880.855538934469,0.0,False,False,False,True
unknown,PB154808,69,29088.0,0.8740801141014357,25425.242358982563,29104.0,0.8742675854537253,25444.68380704522,656.0,0.6729263663291931,441.4396963119507,0.0,False,False,True,False
unknown,PB154808,70,29184.0,1.0828883892697234,31603.014752447605,43872.0,1.0114717865138594,44375.29021793604,15488.0,0.8698049022831515,13471.538326561451,0.0,False,False,False,True
unknown,PB154808,71,23360.0,0.9570716068199644,22357.19273531437,50864.0,0.829759065133876,42204.86508896947,27504.0,0.7216285759764071,19847.6723536551,0.0,False,False,False,True
unknown,PB154808,73,26288.0,0.7746863412482032,20364.954538732767,75216.0,0.6298210972448951,47372.62365037203,48928.0,0.5519880050612995,27007.66911163926,0.0,False,False,False,True
unknown,PB154808,74,28032.0,0.8035755109246054,22525.82872223854,134640.0,0.6277795485975094,84524.23842316866,106608.0,0.5815549461666115,61998.40970093012,0.0,False,False,False,True
unknown,PB154808,75,27296.0,1.0533652772399809,28752.658607542515,213344.0,0.6211660153363685,132522.0423759222,186048.0,0.5577559757072351,103769.38376837969,0.0,False,False,False,True
unknown,PB154808,76,23984.0,0.929229447328603,22286.639064729214,87840.0,0.7963429301905909,69950.7629879415,63856.0,0.7464314069658652,47664.12392321229,0.0,False,False,False,True
unknown,PB154808,77,20356.0,0.8473660315235604,17248.982937693596,20404.0,0.8384595628951232,17107.928921312094,788.0,0.52060469572768,410.2365002334118,0.0,False,False,True,False
unknown,PB154808,79,22544.0,1.1097325052143285,25017.809597551823,22560.0,1.1112823359668256,25070.529499411583,464.0,0.7603112094361206,352.78440117836,4.0,True,False,True,False
unknown,PB154808,80,28964.0,0.7924935296877545,22953.782593876123,154556.0,0.6165260390556344,95287.79849228263,125592.0,0.575944454251915,72334.0158984065,0.0,False,False,False,True
unknown,PB154808,82,25380.0,0.7772658831296801,19727.00811383128,65832.0,0.7176521787475824,47244.478231310844,40456.0,0.6753525778574625,27322.063889801502,0.0,False,False,False,True
unknown,PB154808,83,25356.0,0.8912246662322364,22597.892636984587,25356.0,0.8912246662322364,22597.892636984587,0.0,,0.0,0.0,False,False,True,False
unknown,PB154808,84,31520.0,0.8287331859983013,26121.670022666454,155692.0,0.5807000789770768,90410.35669609904,123820.0,0.5173217816485032,64054.78300371766,0.0,False,False,False,True
unknown,PB154808,85,26048.0,0.9096461326542885,23694.462463378906,136392.0,0.7712714966491221,105195.26197096705,110312.0,0.7396411868500519,81591.29860380292,0.0,False,False,False,True
unknown,PB154808,86,16396.0,0.7368443379404487,12081.299764871597,30728.0,0.7272303942566705,22346.33555471897,14032.0,0.7155143269247449,10040.09703540802,0.0,False,False,False,True
unknown,PB154808,87,22096.0,0.957055430700173,21147.096796751022,26832.0,0.9189817237161815,24658.117610752583,4736.0,0.7413473002537078,3511.02081400156,0.0,False,False,False,True
unknown,PB154808,88,18080.0,0.9090334485721799,16435.324750185013,20288.0,0.8947726897102096,18153.148328840733,2208.0,0.7779998091737861,1717.8235786557198,0.0,False,False,False,True
unknown,PB154808,89,26624.0,0.8568190741128862,22811.95102918148,71828.0,0.7301188477473661,52442.97659599781,45620.0,0.654851316626999,29874.317064523697,0.0,False,False,False,True
unknown,PB154808,90,25008.0,1.0458894189892864,26155.602590084076,25424.0,1.043167706159318,26521.4957613945,416.0,0.8795508925731366,365.8931713104248,0.0,False,False,True,False
unknown,PB154808,91,14632.0,0.9053696607870441,13247.368876636028,60516.0,0.7992411265370708,48366.87601351738,45884.0,0.7653976797332698,35119.50713688135,0.0,False,False,False,True
unknown,PB154808,92,28368.0,0.8284674831999606,23501.96556341648,28368.0,0.8284674831999606,23501.96556341648,0.0,,0.0,0.0,False,False,True,False
unknown,PB154808,93,29152.0,1.2766119212169778,37215.79072731733,83792.0,0.9064619561626366,75954.26023077965,54448.0,0.7073066130536656,38511.430467545986,1.0,True,False,False,False
unknown,PB154808,94,25824.0,1.2134775439602734,31336.844095230103,39616.0,1.118292611393241,44302.280092954636,14016.0,0.9387762518301946,13157.887945652008,0.0,False,False,False,True
unknown,PB154808,95,23152.0,1.003741697724278,23238.62778571248,142064.0,0.6163372204636186,87559.3308879435,118912.0,0.5409101108570289,64320.703102231026,0.0,False,False,False,True
unknown,PB154808,96,22352.0,0.8255029423275673,18451.641766905785,22352.0,0.8239830617680239,18417.66939663887,720.0,0.6221800932453738,447.96966713666916,0.0,False,False,True,False
unknown,PB154808,97,25344.0,0.8671684279929696,21977.51663905382,106672.0,0.6593596482219476,70335.21239513159,81328.0,0.5946008232844502,48357.69575607777,0.0,False,False,False,True
unknown,PB154808,98,24736.0,0.7265965873773125,17973.0931853652,34880.0,0.6821897314639267,23794.77783346176,10736.0,0.5737310420644044,6159.576467603445,0.0,False,False,False,True
unknown,PB154808,99,25404.0,0.7045307519752254,17897.899223178625,96825.0,0.5689042644090748,55084.15540140867,71421.0,0.5206627767495561,37186.25617823005,0.0,False,False,False,True
unknown,PB154808,100,27540.0,0.8405901859550261,23149.85372120142,324036.0,0.6185487061268989,200432.04853853583,296496.0,0.5979244064585506,177282.1948173344,0.0,False,True,False,False
unknown,PB154808,101,28404.0,0.8779021851469758,24935.9336669147,28404.0,0.8779021851469758,24935.9336669147,0.0,,0.0,0.0,False,False,True,False
unknown,PB154808,102,19920.0,0.8775678527163693,17481.151626110077,19920.0,0.8841878198954953,17613.021372318268,624.0,0.8441028282619439,526.720164835453,0.0,False,False,True,False
unknown,PB154808,103,27120.0,0.8855432268001336,24015.932310819626,40272.0,0.8408536765802863,33862.85926324129,13152.0,0.7487018668203821,9846.926952421665,0.0,False,False,False,True
unknown,PB154808,104,21696.0,0.9681383466133765,21004.729568123817,121656.0,0.7425318865529679,90333.45919048786,99768.0,0.6931528879705795,69154.47732704878,0.0,False,False,False,True
unknown,PB154808,105,16284.0,0.9245954343586523,15056.112053096294,16540.0,0.9217297618593818,15245.410261154175,528.0,0.779081645901456,411.3551090359688,0.0,False,False,True,False
unknown,PB154808,106,17496.0,0.8980034073183648,15711.46761444211,101092.0,0.6689998251713035,67630.53032621741,82536.0,0.617502807200914,50966.21169513464,0.0,False,False,False,True
unknown,PB154808,107,25248.0,0.9619634574626222,24287.653374016285,103748.0,0.7709110056511851,79980.47501429915,78500.0,0.7094626960545588,55692.82164028287,0.0,False,False,False,True
unknown,PB154808,108,26960.0,1.0330177535443879,27850.158635556698,27984.0,1.0213594511236512,28581.722880244255,1376.0,0.7522442567400461,1035.0880972743034,0.0,False,False,True,False
unknown,PB154808,109,13488.0,0.9573949257780224,12913.342758893967,13488.0,0.9456567962146845,12755.018867343664,624.0,0.6222852206287476,388.3059776723385,0.0,False,True,True,False
unknown,PB154808,110,24000.0,1.115104109744231,26762.49863386154,24064.0,1.1132416824086946,26789.047845482826,608.0,0.8774373587220907,533.4819141030312,0.0,False,False,True,False
unknown,PB154808,113,24520.0,1.0044813958262542,24629.883825659752,25572.0,0.9967398904386343,25488.632478296757,1404.0,0.8212725584663217,1153.0666720867157,0.0,False,False,True,False
unknown,PB154808,114,19440.0,0.9451669930491918,18374.04634487629,45412.0,0.8524585768579124,38711.84889227152,25764.0,0.7826096881201244,20163.156004726887,0.0,False,False,False,True
unknown,PB154808,115,21200.0,1.2216874531473754,25899.774006724358,21632.0,1.2169915787522962,26325.96183156967,912.0,0.9002689604173627,821.0452919006348,0.0,False,False,True,False
unknown,PB154808,116,25792.0,0.9132395930976489,23554.27558517456,25792.0,0.9132395930976489,23554.27558517456,0.0,,0.0,0.0,False,False,True,False
unknown,PB154808,117,21632.0,1.584278644296787,34271.1156334281,24672.0,1.5193165420843275,37484.57772630453,4160.0,1.0722596658966863,4460.600210130215,28.0,True,False,False,False
unknown,PB154808,118,22640.0,0.9913075725781623,22443.203443169594,24496.0,0.983125400165574,24082.639802455902,2272.0,0.8815155216348423,2002.8032651543617,0.0,False,False,False,True
unknown,PB154808,119,24796.0,0.9171536660810732,22741.74230414629,85108.0,0.7239465880189202,61613.64621311426,60152.0,0.6443822696995253,38760.88228696585,0.0,False,False,False,True
unknown,PB154808,120,19648.0,0.9497790538481398,18661.25885000825,23856.0,0.9122488478886989,21762.6085152328,4672.0,0.7016531865699345,3278.1236876547337,0.0,False,False,False,True
unknown,PB154808,121,22416.0,0.7642166285292324,17130.679945111275,112260.0,0.5652141219379642,63450.937328755856,89552.0,0.5151385928439108,46131.6912663579,0.0,False,False,False,True
unknown,PB154808,122,22064.0,0.9027755451540613,19918.83962827921,123456.0,0.5937336204996445,73299.97785240412,101392.0,0.5264827424661207,53381.13822412491,0.0,False,False,False,True
unknown,PB154808,123,19472.0,0.8337107526938888,16234.015776455402,164192.0,0.6093030660526648,100042.68902131915,143888.0,0.5780258556668626,83170.98432019353,0.0,False,False,False,True
unknown,PB154808,124,23312.0,0.7744273799986118,18053.451082527637,52852.0,0.5835900506879977,30843.90135896206,30100.0,0.4346982411579832,13084.417058855295,0.0,False,False,False,True
unknown,PB154808,125,22032.0,0.7687738807946335,16937.626141667366,152736.0,0.5215828762362987,79664.48218482733,129232.0,0.47894353270682904,61894.83061876893,0.0,False,False,False,True
unknown,PB154808,126,24432.0,0.8620120353591778,21060.67804789543,51968.0,0.7146755614027775,37140.259574979544,27536.0,0.5839476150161285,16079.581527084112,0.0,False,False,False,True
unknown,PB154808,127,15692.0,1.281754244142669,20113.28759908676,23312.0,1.183499917681997,27589.750081002712,7636.0,0.9864879454724635,7532.821951627731,24.0,True,False,False,False
unknown,PB154808,128,25728.0,0.8611480468323464,22155.616948902607,60336.0,0.8782415310016237,52989.58101451397,34624.0,0.8868502007673413,30706.301351368427,0.0,False,False,False,True
unknown,PB154808,129,28208.0,0.8957850686060523,25268.305215239525,212444.0,0.6493422064495112,137948.85570695996,183884.0,0.6114735805433833,112440.2078846395,0.0,False,False,False,True
unknown,PB154808,130,20064.0,0.8889186078952878,17835.262948811054,20128.0,0.8884067259112962,17881.85057914257,736.0,0.7496841384664826,551.7675259113312,0.0,False,False,True,False
unknown,PB154808,131,15456.0,1.254464518892006,19389.003603994846,20976.0,1.2526736817202615,26276.083147764206,6208.0,1.2269406912502707,7616.847811281681,0.0,False,False,False,True
unknown,PB154808,132,26496.0,1.1920753304333682,31585.227955162525,45008.0,1.0709606003833334,48201.79470205307,18880.0,0.8978423505326953,16951.26357805729,0.0,False,False,False,True
unknown,PB154808,133,18128.0,1.1843938649404344,21470.691983640194,24644.0,1.1599723506677153,28586.358609855175,6548.0,1.0932839842707773,7158.823529005051,0.0,False,False,False,True
unknown,PB154808,134,21744.0,0.9179331312385046,19959.538005650043,63056.0,0.7775290033547739,49027.868835538626,41312.0,0.7036292319395958,29068.330829888582,0.0,False,False,False,True
unknown,PB154808,135,22304.0,0.9195527027800701,20509.703482806683,22960.0,0.9162616695910173,21037.367933809757,1056.0,0.8029569801168911,847.922571003437,0.0,False,False,True,False
unknown,PB154808,136,23856.0,1.0581065642027188,25242.19019562006,26788.0,1.047634158162763,28064.023828864098,2932.0,0.9624262050627687,2821.8336332440376,0.0,False,False,False,True
unknown,PB154808,137,22592.0,1.0528041800568486,23784.952035844326,119552.0,0.8764244265496887,104778.29304286838,95520.0,0.8324759628271163,79518.10396924615,0.0,False,False,False,True
unknown,PB154808,138,26512.0,0.7639753926122718,20254.51560893655,26720.0,0.7634669034457403,20399.83566007018,816.0,0.619129269329064,505.20948377251625,0.0,False,False,True,False
unknown,PB154808,140,16288.0,1.1252588019770349,18328.215366601944,75772.0,0.9304688333495896,70503.48444056511,59304.0,0.8755621427199497,51924.3373118639,0.0,False,False,False,True
unknown,PB154808,141,21360.0,0.7348215781989392,15695.788910329342,164832.0,0.561999100444676,92635.43572449684,142192.0,0.5352129117134362,76102.99434235692,0.0,False,False,False,True
unknown,PB154808,142,17920.0,1.0183894742346769,18249.539378285408,39664.0,0.9555212788827816,37899.79600560665,22048.0,0.9025795952199333,19900.074915409088,0.0,False,False,False,True
unknown,PB154808,143,15536.0,0.8174068581592963,12699.232948362827,16464.0,0.8085363411839664,13311.742321252823,1456.0,0.7208879582256407,1049.6128671765327,0.0,False,False,True,False
unknown,PB154808,144,18976.0,1.0023127807866512,19019.887328207493,61488.0,0.9780291911711877,60137.05890673399,42864.0,0.961216665695923,41201.591158390045,0.0,False,False,False,True
unknown,PB154808,145,13536.0,0.8668298881289596,11733.409365713596,161344.0,0.6873747932163866,110903.79863670468,146176.0,0.6702450612882452,97973.74207887053,0.0,False,False,False,True
unknown,PB154808,147,22832.0,1.1449667927042204,26141.88181102276,24528.0,1.1239213525510192,27567.5429353714,2512.0,0.8935923829769633,2244.7040660381317,0.0,False,False,False,True
unknown,PB154808,148,14272.0,0.9139309679700955,13043.622774869204,14272.0,0.9139309679700955,13043.622774869204,0.0,,0.0,0.0,False,False,True,False
unknown,PB154808,149,18224.0,0.9270434068210089,16894.439045906067,25296.0,0.9181032035568143,23224.338637173176,7440.0,0.8890215912413213,6614.32063883543,0.0,False,False,False,True
unknown,PB154808,150,19504.0,1.0025226180246856,19553.20114195347,19792.0,0.9972013265026993,19736.608654141426,288.0,0.63683163954152,183.40751218795776,0.0,False,False,True,False
unknown,PB154808,151,15440.0,1.5252013858311226,23549.109397232533,27744.0,1.5795509436585637,43823.06138086319,12736.0,1.6407298818183829,20896.335774838924,3157.0,True,False,False,False
unknown,PB154808,152,21248.0,0.7580344898917948,16106.716841220856,122960.0,0.577598957184438,71021.5677753985,100224.0,0.5373313669168829,53853.498917877674,0.0,False,False,False,True
unknown,PB154808,154,25856.0,1.2804300126453658,33106.79840695858,31872.0,1.3031096274321188,41532.71004551649,5968.0,1.3607641176967296,8121.040254414082,0.0,False,False,False,True
unknown,PB154808,155,13296.0,0.8580068636833545,11408.059259533882,60896.0,0.7557746604632114,46023.653723567724,46736.0,0.7251270315815522,33889.536947995424,0.0,False,False,False,True
unknown,PB154808,158,15552.0,1.3095693779273778,20366.42296552658,70084.0,0.9770795039917214,68477.6399577558,53332.0,0.8831979784993544,47102.714589327574,0.0,False,False,False,True
unknown,PB154808,159,12192.0,0.9922380562910805,12097.366382300854,13920.0,0.972020817667931,13530.5297819376,1920.0,0.8230803331360221,1580.3142396211624,0.0,False,False,True,False
unknown,PB154808,161,15648.0,1.4267255404853625,22325.401257514954,22880.0,1.7217348356216728,39393.293039023876,7664.0,2.273939144993998,17427.469607234,4973.0,True,False,False,False
unknown,PB154808,162,19056.0,1.060925647882255,20216.999146044254,20256.0,1.0554955593541289,21380.118050277233,1200.0,0.9692657535274823,1163.1189042329788,0.0,False,False,True,False
unknown,PB154808,163,10372.0,1.4332490203477588,14865.658839046955,10724.0,1.4364406533291962,15404.3895663023,292.0,1.1468397723893597,334.877213537693,0.0,False,True,True,False
unknown,PB154808,164,13760.0,0.7922664418470028,10901.586239814758,13760.0,0.7880064474202173,10842.96871650219,576.0,0.5079238260061376,292.5641237795353,0.0,False,False,True,False
unknown,PB154808,165,14556.0,0.9629779898283344,14017.107619941235,14844.0,0.9610239713942385,14265.439831376076,288.0,0.862264623037643,248.33221143484116,0.0,False,False,True,False
unknown,PB154808,166,27436.0,1.128796596080608,30969.66341006756,251464.0,0.900313248306108,226396.37067204714,221708.0,0.8706212333940592,193023.69241333008,0.0,False,False,False,True
unknown,PB154808,168,4448.0,1.293395504703839,5753.023204922676,40516.0,1.1742264241721603,47574.95780175924,36068.0,1.1595301817909662,41821.93459683657,0.0,False,False,False,True
unknown,PB154811,1,111232.0,1.446410236220005,160887.10339522362,191680.0,1.2114394286009973,232208.70967423916,80448.0,0.886555368424517,71321.60627901554,45953.0,True,False,False,False
unknown,PB154811,2,118336.0,0.9234524967240572,109277.67465233803,224784.0,0.7710215796203618,173313.3147533834,106448.0,0.6015673389922345,64035.64010104537,0.0,False,False,False,True
unknown,PB154811,5,69760.0,0.7525555739469758,52498.27683854103,168112.0,0.6149508038646867,103380.6095393002,98352.0,0.5173492425243937,50882.33270075917,0.0,False,False,False,True
unknown,PB154811,6,64000.0,1.0175990106193349,65126.33667963743,86784.0,0.9739960307409234,84527.2715318203,22784.0,0.8515157501835878,19400.934852182865,0.0,False,False,False,True
unknown,PB154811,7,44228.0,0.9092755653506551,40215.439704328775,102312.0,0.7390000832437728,75608.57651683688,58084.0,0.6093439985625664,35393.136812508106,0.0,False,False,False,True
unknown,PB154811,8,47245.0,0.9551814863436789,45127.54932230711,87853.0,0.8548290516890311,75099.29667803645,40144.0,0.7366416407982909,29571.742028206587,6.0,True,False,False,False
unknown,PB154811,10,43664.0,1.0535639521088103,46002.81640487909,47968.0,1.023832622629089,49111.20324227214,4640.0,0.723607646577574,3357.5394801199436,1.0,True,False,False,False
unknown,PB154811,11,43404.0,1.023023198567363,44403.29891061783,85536.0,0.8696327449177597,74384.90646928549,42228.0,0.7129030190228264,30104.468687295914,36.0,True,False,False,False
unknown,PB154811,13,42512.0,0.9307344396467895,39567.38249826431,184640.0,0.6544934759387808,120845.67539733648,142128.0,0.5718668587405168,81278.29289907217,97.0,True,False,False,False
unknown,PB154811,14,45392.0,0.8260784760914588,37497.3541867435,167488.0,0.5781283078357196,96829.554022789,122260.0,0.48705857451508483,59547.78132021427,0.0,False,False,False,True
unknown,PB154811,15,57769.0,0.9452312505324243,54605.06411200762,63929.0,0.9270510865085,59265.44890940189,6192.0,0.7563131756464486,4683.09118360281,29.0,True,False,False,False
unknown,PB154811,16,39100.0,0.8712375702447903,34065.3889965713,39324.0,0.8686783562179694,34159.90767991543,224.0,0.42195840778627564,94.51868334412575,0.0,False,False,True,False
unknown,PB154811,17,40640.0,0.8391327285537804,34102.354088425636,99120.0,0.585462953512278,58031.08795213699,58480.0,0.40917807564485903,23928.733863711357,0.0,False,False,False,True
unknown,PB154811,18,38112.0,0.874984179340353,33347.39704301953,257104.0,0.5216386406843844,134115.38107451797,217408.0,0.4593938722010359,99875.9029674828,0.0,False,True,False,False
unknown,PB154811,19,45024.0,0.8772076029521125,39495.395115315914,109932.0,0.7449566789465636,81894.57762995362,64700.0,0.6528817121124894,42241.446773678064,0.0,False,False,False,True
unknown,PB154811,20,39376.0,0.9213010109294991,36277.14860635996,53876.0,0.8911464981636843,48011.40873506665,14064.0,0.8077333193585972,11359.96140345931,0.0,False,False,False,True
unknown,PB154811,21,33136.0,1.0500129615930271,34793.229495346546,92936.0,0.7733883434624247,71875.6190880239,59640.0,0.6209563427852712,37033.83628371358,9.0,True,False,False,False
unknown,PB154811,22,45600.0,0.8838688674974337,40304.42035788298,113680.0,0.7195466108677842,81798.0587234497,68080.0,0.6094835247586182,41493.63836556673,0.0,False,False,False,True
unknown,PB154811,23,37824.0,0.9336238875717252,35313.389923512936,106576.0,0.6544547286888507,69749.16716474295,69152.0,0.5010893349813738,34651.32969263196,0.0,False,False,False,True
unknown,PB154811,24,38768.0,0.9195583218226637,35649.43702042103,41840.0,0.8953423279855778,37461.123002916574,3808.0,0.62924644098218,2396.1704472601414,40.0,True,False,False,False
unknown,PB154811,25,45928.0,0.9271069134562362,42580.166321218014,48632.0,0.9163982686176859,44566.2805994153,3024.0,0.7297004430145814,2206.614139676094,180.0,True,False,False,False
unknown,PB154811,26,54544.0,1.3446111781219385,73340.47209948301,77600.0,1.2105207475251758,93936.41000795364,24368.0,0.8881815211604045,21643.207307636738,4242.0,True,False,False,False
unknown,PB154811,27,40148.0,1.0263048287162246,41204.08626329899,204904.0,0.6830095956229641,139951.39818152785,164292.0,0.598714030832484,98363.92555353045,18.0,True,False,False,False
unknown,PB154811,28,58736.0,0.9314802260726925,54711.42255860567,145272.0,0.7623945655157301,110754.58332160115,86536.0,0.647628279132332,56043.16076299548,0.0,False,False,False,True
unknown,PB154811,29,36000.0,1.003321784135368,36119.58422887325,117888.0,0.7432598295946677,87621.41479125619,81792.0,0.6290148372549843,51448.38156875968,333.0,True,False,False,False
unknown,PB154811,30,41152.0,0.8858364087893029,36453.939894497395,135760.0,0.7012428170868015,95200.72484770417,94608.0,0.6209494435270461,58746.78495320678,19.0,True,False,False,False
unknown,PB154811,32,38448.0,0.97663035187785,37549.48376899958,103448.0,0.7961038685130871,82355.35298994184,65000.0,0.6893210649375732,44805.86922094226,0.0,False,False,False,True
unknown,PB154811,33,34208.0,0.7648578207117441,26164.256330907345,37456.0,0.7448892834922956,27900.57300248742,3840.0,0.5365880409255623,2060.4980771541595,0.0,False,False,False,True
unknown,PB154811,34,32160.0,0.8291094634505869,26664.160344570875,76900.0,0.6372464641740713,49004.25309498608,44740.0,0.4993315321952438,22340.092750415206,0.0,False,False,False,True
unknown,PB154811,35,33600.0,0.7977584041734891,26804.682380229235,39168.0,0.77218747575953,30245.03905054927,5872.0,0.6185765961738309,3632.2817727327347,0.0,False,False,False,True
unknown,PB154811,37,36208.0,0.9218500232915804,33378.34564334154,100624.0,0.7500953156620117,75477.59104317427,64624.0,0.6529215311981584,42194.40103214979,114.0,True,False,False,False
unknown,PB154811,38,31952.0,0.8820954633192997,28184.714243978262,48080.0,0.8851906487256437,42559.96639072895,16400.0,0.8878427350466571,14560.620854765177,0.0,False,False,False,True
unknown,PB154811,40,40652.0,0.9610225679654371,39067.489432930946,59836.0,0.8695227687174691,52028.76438897848,20112.0,0.6779661953164741,13635.256120204926,0.0,False,False,False,True
unknown,PB154811,41,47568.0,0.9143540812396277,43493.99493640661,91216.0,0.7732023661908817,70528.42703446746,43648.0,0.6193739025398838,27034.432098060846,1057.0,True,False,False,False
unknown,PB154811,42,36224.0,0.8250132510701833,29885.28000676632,42992.0,0.7980198511915509,34308.46944242716,6848.0,0.6460620789858295,4424.23311689496,0.0,False,False,False,True
unknown,PB154811,43,40444.0,1.0096185190728222,40833.01138538122,79784.0,0.7901905557402371,63044.56329917908,39340.0,0.5646047766598337,22211.551913797855,0.0,False,False,False,True
unknown,PB154811,44,30524.0,0.9771597893746788,29826.825410872698,77868.0,0.861924521255326,67116.33862110972,47344.0,0.7876291232307584,37289.513210237026,0.0,False,False,False,True
unknown,PB154811,45,33920.0,0.887407947456429,30100.877577722073,57904.0,0.8618973423908283,49907.30371379852,23536.0,0.8204267309594933,19309.563539862633,0.0,False,False,False,True
unknown,PB154811,46,34576.0,0.9269712548280606,32050.958106935024,38928.0,0.9102586085015837,35434.54711174965,4884.0,0.7853131942652367,3835.469640791416,0.0,False,False,False,True
unknown,PB154811,47,34032.0,0.7636897108606472,25989.888240009546,34144.0,0.7593196914265073,25926.211544066668,752.0,0.422008950382154,317.35073068737984,0.0,False,False,True,False
unknown,PB154811,48,30128.0,1.021824246653283,30785.52090317011,66128.0,0.9323860655748077,61656.82574433088,36064.0,0.8562724964169268,30880.61131078005,0.0,False,False,False,True
unknown,PB154811,49,27424.0,0.8868848988384251,24321.931465744972,30576.0,0.8796389442013235,26895.840357899666,3600.0,0.8054924376640055,2899.7727755904198,0.0,False,False,False,True
unknown,PB154811,50,33488.0,0.8421659682896495,28202.453946083784,117216.0,0.6768515945762831,79337.8365098536,83728.0,0.6107321632401326,51135.38256376982,0.0,False,False,False,True
unknown,PB154811,51,46592.0,1.1058808442571066,51525.20029562712,54496.0,1.1188463229298837,60972.64921438694,7904.0,1.195274407737832,9447.448918759823,523.0,True,False,False,False
unknown,PB154811,52,27200.0,0.9835673482891392,26753.031873464584,74720.0,0.7441534046165453,55603.14239294827,47264.0,0.6047005494927247,28580.56677122414,0.0,False,False,False,True
unknown,PB154811,53,32048.0,0.8774449831628972,28120.35682040453,159076.0,0.625595974986515,99517.30531695485,127028.0,0.5620567787932607,71396.94849655032,0.0,False,False,False,True
unknown,PB154811,54,32768.0,0.8913884913299626,29209.018083900213,41904.0,0.8807175664459478,36905.588904350996,9136.0,0.8424442666868195,7696.570820450783,0.0,False,False,False,True
unknown,PB154811,55,33012.0,0.7534361535941242,24872.434302449226,189448.0,0.588555411108574,111500.64552369714,155364.0,0.5526588502603319,85863.28961184621,0.0,False,False,False,True
unknown,PB154811,56,27328.0,0.784349129775177,21434.693018496037,161388.0,0.6361212906908197,102662.34286201,133016.0,0.6046935160941052,80433.91273677349,0.0,False,False,False,True
unknown,PB154811,57,29696.0,1.0161562258787131,30175.775283694267,110089.0,0.8234551654004588,90653.35570377111,80393.0,0.7522742082031626,60477.58042007685,11.0,True,False,False,False
unknown,PB154811,58,49120.0,0.8125342429181749,39911.68201214075,83584.0,0.7459182614217417,62346.831962674856,34880.0,0.6517607809198217,22733.41603848338,0.0,False,False,False,True
unknown,PB154811,61,32400.0,0.9937687001625697,32198.105885267258,129856.0,0.7192500423446772,93398.9334987104,97456.0,0.627984194030569,61200.827613443136,161.0,True,False,False,False
unknown,PB154811,62,48480.0,1.065420500818554,51651.585879683495,85808.0,0.8999570728969589,77223.51651114225,38000.0,0.6890155563213324,26182.59114021063,132.0,True,False,False,False
unknown,PB154811,63,24988.0,0.9807713700555908,24507.514994949102,66308.0,0.6947535113899787,46067.71583324671,41784.0,0.525564957060606,21960.20616582036,0.0,False,False,False,True
unknown,PB154811,64,34928.0,0.9497018386885026,33171.18582171202,46544.0,0.89969929355658,41875.60391929746,12288.0,0.7492440560187484,9206.710960358381,0.0,False,False,False,True
unknown,PB154811,65,27184.0,0.8045643742627663,21871.27794995904,60208.0,0.6785709972283227,40855.402601122856,33024.0,0.5748584257256485,18984.124651163816,0.0,False,False,False,True
unknown,PB154811,66,31504.0,0.7696642194117324,24247.501568347216,103664.0,0.5650076611020127,58570.95418047905,72160.0,0.4756576027180132,34323.452612131834,5.0,True,False,False,False
unknown,PB154811,67,27344.0,0.8116757220748295,22194.46094441414,43360.0,0.7320795651518386,31742.96994498372,15904.0,0.5920577546191857,9416.08652946353,0.0,False,False,False,True
unknown,PB154811,69,43364.0,1.0206705703183674,44260.35861128569,83964.0,0.9864469027876723,82826.02774566412,40600.0,0.9498933284329664,38565.66913437843,517.0,True,False,False,False
unknown,PB154811,70,24528.0,0.8742368283905745,21443.28092676401,28560.0,0.8491855757556209,24252.740043580532,4032.0,0.6967904555596529,2809.4591168165207,0.0,False,False,False,True
unknown,PB154811,72,20624.0,1.0408920196049014,21467.357012331486,57552.0,0.8406501417285184,48381.09695675969,36928.0,0.7288166146129822,26913.739944428205,77.0,True,False,False,False
unknown,PB154811,73,28348.0,0.8738192639392355,24771.028494149446,151980.0,0.5971332680617827,90752.31408002973,123296.0,0.5331246183424716,65732.13294315338,0.0,False,False,False,True
unknown,PB154811,74,29648.0,0.7743722721884059,22958.589125841856,29648.0,0.7731326221515055,22921.835981547832,672.0,0.4628197796908872,311.01489195227623,0.0,False,False,True,False
unknown,PB154811,75,22464.0,1.0059784439808963,22598.299765586853,23568.0,0.9971203378402329,23500.13212221861,1104.0,0.8168771346302136,901.8323566317558,3.0,True,False,True,False
unknown,PB154811,76,20096.0,1.0409650101569619,20919.232844114304,71936.0,0.7500424105081595,53955.05084231496,52160.0,0.6394899349745385,33355.79500827193,0.0,False,False,False,True
unknown,PB154811,77,36016.0,0.7548058457028821,27185.087338835,130912.0,0.5288749272495498,69236.07447609305,94896.0,0.443127077403242,42050.98713725805,0.0,False,False,False,True
unknown,PB154811,78,21616.0,0.9126358679492305,19727.536921590567,22352.0,0.9079612770831811,20294.750465363264,736.0,0.7706705757781215,567.2135437726974,0.0,False,False,True,False
unknown,PB154811,81,27408.0,0.9615684496429115,26354.66806781292,167540.0,0.7114611772244239,119198.20563217998,139284.0,0.6618872454161465,92190.30309054255,0.0,False,False,False,True
unknown,PB154811,82,22752.0,0.6304393030923127,14343.755023956299,155865.0,0.4786413455181163,74603.4333191812,132041.0,0.4519130174803884,59671.04674112797,0.0,False,False,False,True
unknown,PB154811,83,26548.0,0.8033456419702214,21327.220103025436,164356.0,0.5783612703172716,95057.14494426548,137808.0,0.5350191922184492,73729.92484124005,0.0,False,False,False,True
unknown,PB154811,84,16336.0,0.9850188146411906,16091.267355978489,38716.0,0.8706601432488347,33708.47810602188,22380.0,0.7871854669367021,17617.210750043392,0.0,False,False,False,True
unknown,PB154811,85,18448.0,1.0134836315061875,18696.746034026146,27440.0,0.9577601090703518,26280.937392890453,8992.0,0.8434376511192513,7584.191358864307,14.0,True,False,False,False
unknown,PB154811,86,28684.0,0.9012202123766281,25850.6005718112,152572.0,0.64481434601583,98380.6144003272,123888.0,0.5854482583342697,72530.013828516,324.0,True,False,False,False
unknown,PB154811,87,24828.0,0.8425758752305093,20919.473830223083,39884.0,0.7677993313682592,30622.90853229165,15056.0,0.6444895524753299,9703.434702068567,8.0,True,False,False,False
unknown,PB154811,88,27688.0,0.8115903059226762,22471.31239038706,151496.0,0.5849134981901346,88612.05532181263,123456.0,0.5339334596831018,65917.28919863701,0.0,False,False,False,True
unknown,PB154811,89,25904.0,0.9195609453356859,23820.306727975607,35968.0,0.8772126103177985,31551.583167910576,10064.0,0.7682110929983077,7731.276439934969,0.0,False,False,False,True
unknown,PB154811,90,20048.0,1.0256352493121732,20561.93547821045,118160.0,0.6981579066919429,82494.33825471997,97376.0,0.6300106629122671,61347.91831174493,88.0,True,False,False,False
unknown,PB154811,91,23856.0,0.8562507530440727,20426.717964619398,56864.0,0.7009777210916974,39860.39713215828,33008.0,0.5887566398309162,19433.67916753888,0.0,False,False,False,True
unknown,PB154811,93,23872.0,0.9720411434989352,23204.566177606583,30912.0,0.9329601816387604,28839.665134817362,7040.0,0.8004401927856221,5635.098957210779,0.0,False,False,False,True
unknown,PB154811,95,23040.0,0.7874540339301651,18142.940941751003,239244.0,0.5568956967185184,133233.9540657252,214716.0,0.531527987524955,114127.56336940825,0.0,False,False,False,True
unknown,PB154811,96,25616.0,0.8340229675834585,21364.332337617874,26688.0,0.8237074445240753,21983.104279458523,1616.0,0.6568882323727749,1061.5313835144043,1.0,True,False,True,False
unknown,PB154811,97,35552.0,0.7814521870737632,27782.18815484643,54720.0,0.767976659656181,42023.68281638622,19664.0,0.7399151012380255,14549.690550744534,0.0,False,False,False,True
unknown,PB154811,98,26784.0,0.9114187813387336,24411.44063937664,96256.0,0.7135735828017054,68685.73878616095,69472.0,0.6372970138585949,44274.298146784306,0.0,False,False,False,True
unknown,PB154811,99,18848.0,0.8605314571653921,16219.29690465331,23068.0,0.8413691996135372,19408.704696685076,4220.0,0.7557838369743519,3189.407792031765,0.0,False,False,False,True
unknown,PB154811,101,14576.0,1.0340460253967347,15072.254866182804,14592.0,1.0297318001424796,15025.846427679062,464.0,0.755622348780262,350.6087698340416,0.0,False,True,True,False
unknown,PB154811,102,23376.0,0.977328809623305,22846.038253754377,24304.0,0.9530534789939806,23163.011753469706,1456.0,0.5356703201656813,779.935986161232,0.0,False,False,True,False
unknown,PB154811,103,26144.0,0.9906940340307271,25900.70482569933,73484.0,0.7816224571541102,57436.74464151263,47500.0,0.6669558913500685,31680.404839128256,0.0,False,False,False,True
unknown,PB154811,104,16096.0,0.9765434124568111,15718.442766904831,22848.0,0.9262163924361143,21162.19213438034,6752.0,0.8062425011071549,5443.74936747551,1.0,True,False,False,False
unknown,PB154811,106,13840.0,0.8755137233440414,12117.109931081533,21376.0,0.7698419998542121,16456.14258888364,7536.0,0.5757739726382836,4339.032657802105,0.0,False,False,False,True
unknown,PB154811,107,15616.0,0.7469348992740156,11664.135387063026,17920.0,0.7247901621224758,12988.239705234766,2304.0,0.5746980547620397,1324.1043181717396,0.0,False,False,False,True
unknown,PB154811,108,19264.0,0.8652275350204733,16667.7432346344,260940.0,0.6404746641108905,167125.45885309577,239708.0,0.6212813383097949,148926.10704356432,0.0,False,True,False,False
unknown,PB154811,109,24384.0,0.8309086079653011,20260.8754966259,59456.0,0.6777194783064477,40294.48930218816,35072.0,0.5712138972845078,20033.613805562258,0.0,False,False,False,True
unknown,PB154811,111,20320.0,0.7199212638045273,14628.800080507994,29120.0,0.7122146282907944,20739.689975827932,8800.0,0.6944193062863566,6110.889895319939,0.0,False,False,False,True
unknown,PB154811,112,18528.0,0.6606276535585085,12240.109165132046,24616.0,0.6280127303504716,15459.161370307207,6472.0,0.5281076929883108,3417.9129890203476,0.0,False,False,False,True
unknown,PB154811,113,15776.0,0.827108006293434,13048.455907285213,77823.0,0.6025878566350421,46895.194766908884,61951.0,0.544870325305137,33755.261522978544,0.0,False,False,False,True
unknown,PB154811,114,12896.0,0.9000997779146761,11607.686735987663,13696.0,0.8961255487520248,12273.335515707731,560.0,0.6112900739269597,342.32244139909744,0.0,False,True,True,False
unknown,PB154811,115,20192.0,0.9577240455842528,19338.363928437233,111344.0,0.6346133468997305,70660.38849720359,91152.0,0.5630378331662098,51322.024568766356,0.0,False,False,False,True
unknown,PB154811,116,20688.0,0.9426684589251265,19501.925078243017,49072.0,0.7381875162630214,36224.33779805899,28576.0,0.5913728833279894,16899.071513980627,0.0,False,False,False,True
unknown,PB154811,117,17200.0,0.944788621930882,16250.36429721117,44784.0,0.7378657241220472,33044.578589081764,27584.0,0.6088389751983249,16794.214291870594,0.0,False,False,False,True
unknown,PB154811,119,19248.0,0.9120985337053847,17556.072576761246,42848.0,0.6586664015631719,28222.53797417879,24048.0,0.4578637919393049,11010.708468556404,0.0,False,False,False,True
unknown,PB154811,120,19776.0,1.0158981304874939,20090.40142852068,31120.0,0.9476089064252101,29489.589167952538,11344.0,0.8285602732221313,9399.187739431858,0.0,False,False,False,True
unknown,PB154811,122,16672.0,0.6961141702381183,11605.615446209908,97744.0,0.5417865413122329,52956.383694022894,80496.0,0.5079472548248924,40887.722224384546,0.0,False,False,False,True
unknown,PB154811,124,12512.0,0.8256341667602891,10330.334694504738,20612.0,0.8131477933889589,16760.60231733322,8100.0,0.7938602003491955,6430.267622828484,0.0,False,False,False,True
unknown,PB154811,125,11920.0,0.8189409854078052,9761.776546061039,83280.0,0.547199062000706,45570.7378834188,71472.0,0.5028736261537918,35941.38380846381,0.0,False,False,False,True
unknown,PB154811,126,19088.0,0.9454980519118548,18047.666814893484,29568.0,0.9008504777826224,26636.346927076578,10640.0,0.8182433266668839,8706.108995735645,0.0,False,False,False,True
unknown,PB154814,3,66436.0,1.002121121462869,66576.91882550716,239097.0,0.7755381601864872,185428.84748610854,172661.0,0.6883542239451954,118851.92866060138,54.0,True,False,False,False
unknown,PB154814,4,53824.0,0.9948470252516206,53546.64628714323,127232.0,0.790425788786148,100567.45395883918,73408.0,0.6405406450481684,47020.80767169595,0.0,False,False,False,True
unknown,PB154814,5,59696.0,0.8845070521560647,52801.53298550844,113392.0,0.7284867555844997,82604.5701892376,52976.0,0.5495160312322341,29111.161270558834,0.0,False,False,False,True
unknown,PB154814,7,38800.0,1.1321121519312416,43925.951494932175,66448.0,1.0308957319449237,68500.95959627628,28352.0,0.8841767153212838,25068.17823278904,1.0,True,False,False,False
unknown,PB154814,8,37812.0,1.0621062916138304,40160.36309850216,38676.0,1.0571132757070947,40884.9130512476,864.0,0.8385994823442565,724.5499527454376,24.0,True,False,True,False
unknown,PB154814,10,41952.0,1.0300881779723545,43214.25924229622,60704.0,0.9831116360326975,59678.80875372887,19648.0,0.8674121385998417,17042.91369920969,0.0,False,False,False,True
unknown,PB154814,11,40336.0,1.033103323018844,41671.25563728809,40432.0,1.032688860945495,41753.67602574825,96.0,0.8585457131266594,82.4203884601593,4.0,True,False,True,False
unknown,PB154814,12,37988.0,0.9094728478647802,34549.05454468727,91064.0,0.8156285377905437,74274.39716535807,53076.0,0.7484615008793202,39725.342620670795,0.0,False,False,False,True
unknown,PB154814,13,39996.0,0.9817786503924836,39267.218901097775,187480.0,0.7561243966202734,141758.20187836885,146908.0,0.6946404771797409,102048.24322152138,0.0,False,False,False,True
unknown,PB154814,14,28864.0,1.3584896155763129,39211.444263994694,28864.0,1.3584896155763129,39211.444263994694,0.0,,0.0,465.0,True,False,True,False
unknown,PB154814,17,41824.0,1.0009654140856628,41864.37747871876,147292.0,0.7789424791658145,114731.99564129114,105468.0,0.6908978852597222,72867.61816257238,0.0,False,False,False,True
unknown,PB154814,18,48656.0,1.0540960556528887,51288.09768384695,92528.0,0.907580811599923,83976.63733571768,43872.0,0.7450888870320643,32688.539651870728,0.0,False,False,False,True
unknown,PB154814,20,45632.0,0.8742821599783959,39895.24352413416,176336.0,0.7013428760159255,123671.99738514423,130432.0,0.6405841211794754,83552.66809368134,0.0,False,False,False,True
unknown,PB154814,21,37988.0,1.0631196085476204,40385.78768950701,74012.0,0.9014243323579193,66716.21768647432,36024.0,0.7309135575440627,26330.429996967316,88.0,True,False,False,False
unknown,PB154814,22,40160.0,1.0388071263305456,41718.494193434715,252221.0,0.7049307230680673,177798.331902951,210589.0,0.6407166504207635,134927.87869545817,0.0,False,False,False,True
unknown,PB154814,23,38912.0,0.9879007136271531,38441.19256865978,83952.0,0.9068427701745688,76131.2642416954,44800.0,0.8345459383366896,37387.65803748369,0.0,False,False,False,True
unknown,PB154814,24,34584.0,1.0511676497359312,36353.581998467445,34744.0,1.0505987707196967,36502.00368988514,160.0,0.927635571360588,148.4216914176941,4.0,True,False,True,False
unknown,PB154814,25,41024.0,1.0839262152157503,44466.98905301094,44992.0,1.0700722005560062,48144.68844741583,3968.0,0.9268395651221997,3677.699394404888,0.0,False,False,False,True
unknown,PB154814,27,35764.0,1.1723740594160528,41928.785860955715,35972.0,1.1705661851506364,42107.60681223869,1172.0,0.9031479616010555,1058.489410996437,356.0,True,False,True,False
unknown,PB154814,28,30437.0,1.0779017613454784,32808.09591007233,37385.0,1.0334006103726971,38633.68181878328,6964.0,0.8386422825708668,5840.304855823517,101.0,True,False,False,False
unknown,PB154814,29,28800.0,0.9304888452486032,26798.07874315977,316376.0,0.7064351362573783,223499.12266856432,287576.0,0.6839967310394628,196701.04392540455,6.0,True,False,False,False
unknown,PB154814,30,30208.0,0.9308735724988441,28119.828878045082,30208.0,0.9284463564823855,28046.5075366199,736.0,0.6157160154746278,453.1669873893261,0.0,False,False,True,False
unknown,PB154814,31,33840.0,0.9688424588746918,32785.62880831957,33856.0,0.968745687048678,32797.85398072004,16.0,0.7640732750296593,12.225172400474548,0.0,False,False,True,False
unknown,PB154814,32,28112.0,1.0408378174432007,29260.03272396326,102064.0,0.8104702340823521,82719.83397138119,73168.0,0.7199965202470147,52680.70539343357,0.0,False,False,False,True
unknown,PB154814,33,33328.0,0.7888738666171502,26291.588226616383,33328.0,0.7888738666171502,26291.588226616383,0.0,,0.0,0.0,False,False,True,False
unknown,PB154814,34,33456.0,1.1053119892943053,36979.31791383028,33456.0,1.1053119892943053,36979.31791383028,0.0,,0.0,0.0,False,False,True,False
unknown,PB154814,35,25088.0,1.0844367810546383,27206.349963098764,55792.0,0.8267426376402216,46125.62523922324,30896.0,0.620525176937348,19171.745866656303,0.0,False,False,False,True
unknown,PB154814,37,27192.0,1.0408369368180592,28302.43798595667,83588.0,0.8443248180105006,70575.42288786173,56184.0,0.7488828276339868,42075.232787787914,0.0,False,False,False,True
unknown,PB154814,38,37808.0,1.0004324578032546,37824.350364625454,127616.0,0.7438324468283668,94924.92153444886,90400.0,0.6381084922809912,57685.007702201605,0.0,False,False,False,True
unknown,PB154814,39,27152.0,0.8916496855937247,24210.072263240814,170000.0,0.6222435816990979,105781.40888884664,142848.0,0.5710359026770121,81571.33662560582,12.0,True,False,False,False
unknown,PB154814,40,34960.0,0.9333552467366105,32630.099425911903,51664.0,0.8593711999345072,44398.553673416376,16704.0,0.7045291096446643,11768.454247504473,0.0,False,False,False,True
unknown,PB154814,41,38720.0,1.1956759144806048,46296.57140868902,118224.0,0.8553385399529021,101121.54354739189,79504.0,0.6895875948216803,54824.97213870287,293.0,True,False,False,False
unknown,PB154814,42,33640.0,0.8763881090864557,29481.69598966837,307616.0,0.5803264560856868,178517.70311525464,271396.0,0.542169005212189,147142.49933856726,0.0,False,False,False,True
unknown,PB154814,43,30752.0,1.1063281150804163,34021.802194952965,31072.0,1.1043346626156545,34313.88663679361,1104.0,0.9161308961178082,1011.4085093140602,25.0,True,False,True,False
unknown,PB154814,44,33532.0,1.0145393223971124,34019.532558619976,47276.0,0.937451119396537,44318.93912059069,14276.0,0.7522268487470897,10738.790492713451,0.0,False,False,False,True
unknown,PB154814,45,33776.0,0.8898406142906266,30055.2565882802,44976.0,0.8556028119636595,38481.59207087755,11200.0,0.7523513823747635,8426.335482597351,0.0,False,False,False,True
unknown,PB154814,46,22560.0,1.1970891239478234,27006.330636262894,31792.0,1.1432931502342645,36347.575832247734,9232.0,1.011833318455897,9341.24519598484,4556.0,True,False,False,False
unknown,PB154814,47,30280.0,0.9574553832470819,28991.74900472164,441408.0,0.7153805512379937,315774.69836086035,409096.0,0.6971934703840812,285219.0599602461,0.0,False,True,False,False
unknown,PB154814,48,25328.0,1.0229281972898423,25908.725380957127,50288.0,0.8769900040618656,44102.073324263096,24960.0,0.7289001579850148,18193.34794330597,0.0,False,False,False,True
unknown,PB154814,49,45632.0,1.0727142951050237,48950.098714232445,65952.0,1.003572545204563,66187.61650133133,20660.0,0.8491118438534676,17542.650694012642,0.0,False,False,False,True
unknown,PB154814,50,29936.0,0.8885137336034943,26598.547129154205,206104.0,0.6478881395675656,133532.33711743355,175352.0,0.6070637761764057,106449.84728008509,0.0,False,False,False,True
unknown,PB154814,51,36000.0,0.784229579826196,28232.264873743057,183264.0,0.5595241901346861,102540.64118084311,147152.0,0.5044537553324934,74231.37900468707,0.0,False,False,False,True
unknown,PB154814,52,40224.0,0.9848258235301398,39613.633925676346,196000.0,0.7684218087733096,150610.67451956868,155776.0,0.7125426291206113,110997.04059389234,0.0,False,False,False,True
unknown,PB154814,53,24224.0,1.0024782800665581,24284.033856332302,31344.0,0.9637947465336372,30209.182535350323,7856.0,0.8368702809612766,6574.452927231789,0.0,False,False,False,True
unknown,PB154814,54,31348.0,1.0771021789413517,33764.99910545349,89203.0,0.8449766973030561,75374.45632952452,57855.0,0.719202441000277,41609.457224071026,0.0,False,False,False,True
unknown,PB154814,55,33608.0,0.8736367262305744,29361.183095157146,195336.0,0.6583995495180575,128609.13440465927,161728.0,0.6136720376774716,99247.95130950212,0.0,False,False,False,True
unknown,PB154814,57,31968.0,1.0211097747590896,32642.837279498577,48704.0,0.9371083991041557,45640.927469968796,17632.0,0.7777244537974118,13712.837569355965,6.0,True,False,False,False
unknown,PB154814,60,23232.0,1.020855720650107,23716.520102143288,38912.0,0.9621003378032535,37437.2483446002,15392.0,0.875661803188728,13478.1864746809,0.0,False,False,False,True
unknown,PB154814,61,26028.0,1.0362859879777382,26972.451695084572,26028.0,1.0362859879777382,26972.451695084572,0.0,,0.0,300.0,True,False,True,False
unknown,PB154814,62,37232.0,0.8721481046379637,32471.818231880665,63216.0,0.8142719038615299,51475.01267451048,26240.0,0.7307591305704924,19175.11958616972,0.0,False,False,False,True
unknown,PB154814,63,28720.0,0.8078464565399132,23201.350231826305,37008.0,0.766935693341683,28382.756139189005,8400.0,0.6260003821161532,5258.403209775686,0.0,False,False,False,True
unknown,PB154814,64,28816.0,1.1040229386360958,31813.52499973774,59664.0,0.917419503176958,54736.91723755002,30848.0,0.7431078915265911,22923.39223781228,4205.0,True,False,False,False
unknown,PB154814,65,25296.0,0.989064906598325,25019.38587731123,25472.0,0.9826781465531557,25030.77774900198,944.0,0.7099372397287417,670.1807543039322,0.0,False,False,True,False
unknown,PB154814,66,38768.0,1.3288781537274241,51517.94826370478,41168.0,1.3204414664199045,54359.93428957462,2400.0,1.184160844112436,2841.9860258698463,476.0,True,False,False,False
unknown,PB154814,67,30704.0,1.019141742667458,31291.72806686163,374152.0,0.6955411749515755,260238.1216904819,343448.0,0.6666115208812404,228946.39362362027,0.0,False,False,False,True
unknown,PB154814,68,25792.0,0.9895387649023096,25522.18382436037,25792.0,0.9895387649023096,25522.18382436037,0.0,,0.0,18.0,True,False,True,False
unknown,PB154814,69,25024.0,0.958111345008149,23975.77829748392,46144.0,0.8733677323649272,40300.6806422472,21856.0,0.7710033585978767,16851.049405515194,0.0,False,False,False,True
unknown,PB154814,70,25904.0,0.9003811335309632,23323.47288298607,150492.0,0.6791549102980909,102207.3807605803,123912.0,0.6320763522668528,78321.84496209025,0.0,False,False,False,True
unknown,PB154814,71,26992.0,0.825956669950192,22294.22243529558,144480.0,0.6461083106081912,93349.72871667147,117360.0,0.6045341299299529,70948.12548857927,0.0,False,False,False,True
unknown,PB154814,72,39664.0,0.9890599382298159,39230.073389947414,184172.0,0.7243507505288467,133405.12642639875,144508.0,0.6516943908742169,94175.05303645134,0.0,False,False,False,True
unknown,PB154814,73,27208.0,1.0086222432731216,27442.59399497509,105092.0,0.7735943536853389,81298.57781749964,77884.0,0.6914897003559723,53855.98382252455,0.0,False,False,False,True
unknown,PB154814,74,33760.0,1.1687792149782887,39457.98629766703,36832.0,1.1698923942679094,43089.47666567564,3072.0,1.1821257708361372,3631.4903680086136,0.0,False,False,False,True
unknown,PB154814,75,23808.0,1.0907777743864684,25969.23725259304,26224.0,1.072611695724864,28128.16910868883,3088.0,0.9113226665154949,2814.164394199848,0.0,False,False,False,True
unknown,PB154814,76,24176.0,0.8057054090113296,19478.733968257904,34768.0,0.7255534281807592,25226.041590988636,10560.0,0.5387470374335394,5689.168715298176,0.0,False,False,False,True
unknown,PB154814,78,29296.0,0.9670405984392816,28330.421371877193,29632.0,0.9652699414825723,28602.87890601158,336.0,0.8108855182571071,272.45753413438797,0.0,False,False,True,False
unknown,PB154814,79,31312.0,0.7968936835824454,24952.33502033353,31440.0,0.7938699843063382,24959.272306591272,992.0,0.5119198761700142,507.82451716065407,0.0,False,False,True,False
unknown,PB154814,80,27232.0,0.9710784131019747,26444.407345592976,125728.0,0.7488389425697912,94150.02257141471,99072.0,0.6881861433610007,68179.97759506106,0.0,False,False,False,True
unknown,PB154814,81,27200.0,0.8111342823614969,22062.852480232716,119936.0,0.5782705800018394,69355.4602831006,92736.0,0.5099703222358942,47292.60780286789,0.0,False,False,False,True
unknown,PB154814,82,25904.0,0.7592380559181195,19667.302600502968,76368.0,0.6812174446098764,52023.21380996704,50464.0,0.6411681834468943,32355.911209464073,0.0,False,False,False,True
unknown,PB154814,83,28512.0,0.8419889971973452,24006.790288090706,105312.0,0.6342319172165498,66792.23166590929,76800.0,0.5571021012736795,42785.441377818584,0.0,False,False,False,True
unknown,PB154814,84,32832.0,0.9926191111736101,32589.670658051968,32832.0,0.9926191111736101,32589.670658051968,0.0,,0.0,26.0,True,False,True,False
unknown,PB154814,85,30188.0,0.7929687197257844,23938.13971108198,31980.0,0.7879163848712639,25197.56598818302,1744.0,0.701343867517666,1223.1437049508095,0.0,False,False,True,False
unknown,PB154814,86,22512.0,1.1445507323839348,25766.12608742714,30128.0,1.0922480721167125,32907.24991673231,7616.0,0.9376475616209522,7141.123829305172,0.0,False,False,False,True
unknown,PB154814,87,24304.0,0.907739392787689,22061.698202311993,94100.0,0.6793457125299922,63926.431549072266,69796.0,0.5998156534294268,41864.73334676027,0.0,False,False,False,True
unknown,PB154814,88,29728.0,0.8020404640212254,23843.05891442299,156952.0,0.6873308257832368,107877.94776833057,126312.0,0.659193856340706,83264.09438210726,0.0,False,False,False,True
unknown,PB154814,89,22332.0,0.6582809943314117,14700.731165409088,26092.0,0.6482029752795835,16912.912030994892,3872.0,0.5891938830979846,2281.3587153553963,0.0,False,False,False,True
unknown,PB154814,90,25664.0,1.049426231593674,26932.47480762005,25664.0,1.049426231593674,26932.47480762005,0.0,,0.0,387.0,True,False,True,False
unknown,PB154814,91,26128.0,1.155119019656899,30180.949745595455,27984.0,1.1455099877330015,32055.951496720314,1856.0,1.0102380124595145,1875.0017511248589,0.0,False,False,True,False
unknown,PB154814,92,16064.0,0.787523199388557,12650.77267497778,59952.0,0.7146152662884315,42842.61444452405,43888.0,0.6879293148365446,30191.84176954627,0.0,False,False,False,True
unknown,PB154814,93,13888.0,1.0045957117586093,13951.825244903564,13920.0,1.0015341007889345,13941.354682981968,160.0,0.6060552429407835,96.96883887052536,0.0,False,False,True,False
unknown,PB154814,95,21760.0,0.9882042206933394,21503.323842287064,21776.0,0.988061822343188,21516.03424334526,16.0,0.7944000661373138,12.710401058197021,0.0,False,False,True,False
unknown,PB154814,97,21952.0,0.9762806196373944,21431.312162280083,61276.0,0.8657780583013839,53051.4163004756,39324.0,0.8040917540991638,31620.104138195515,0.0,False,False,False,True
unknown,PB154814,98,24960.0,0.9914769138997563,24747.26377093792,25920.0,0.9871531018435403,25587.008399784565,1408.0,0.8575199096548286,1207.3880327939987,0.0,False,False,True,False
unknown,PB154814,99,20208.0,0.9137722811590134,18465.510257661343,82277.0,0.6452756880719938,53091.34778749943,62069.0,0.5578604058360548,34625.837529838085,0.0,False,False,False,True
unknown,PB154814,100,24512.0,1.121748904182087,27496.309139311314,215856.0,0.8249071682328042,178061.16170606017,191344.0,0.7868804486513759,150564.85256674886,73.0,True,False,False,False
unknown,PB154814,101,23344.0,0.9547372885339468,22287.387263536453,23424.0,0.954388739541173,22355.601835012436,80.0,0.8526821434497833,68.21457147598267,37.0,True,False,True,False
unknown,PB154814,102,24248.0,0.963747851607116,23368.957905769348,25464.0,0.9573408114205094,24377.726422011852,1216.0,0.829579371909954,1008.7685162425041,0.0,False,False,True,False
unknown,PB154814,103,24560.0,0.8694825821377167,21354.492217302322,56560.0,0.6380953856133967,36090.67501029372,32000.0,0.46050571228098125,14736.1827929914,0.0,False,False,False,True
unknown,PB154814,104,20752.0,1.0195760629559905,21158.242458462715,50720.0,0.8967098153986577,45481.12183701992,30592.0,0.8126913326652137,24861.853248894215,0.0,False,False,False,True
unknown,PB154814,105,29632.0,0.9406235115280773,27872.555893599987,29824.0,0.939249971519772,28012.19115060568,192.0,0.72726696357131,139.63525700569153,0.0,False,False,True,False
unknown,PB154814,106,22032.0,1.177989683818064,25953.468713879585,29664.0,1.1437056527895995,33926.88448435068,7632.0,1.0447347707640324,7973.415770471096,440.0,True,False,False,False
unknown,PB154814,108,27088.0,0.9370748355689833,25383.48314589262,27504.0,0.9352404487348005,25722.853302001953,416.0,0.815793644493589,339.37015610933304,0.0,False,False,True,False
unknown,PB154814,109,26292.0,1.0810208213410022,28422.199434697628,26308.0,1.0809516271156292,28437.67540615797,16.0,0.9672482162714005,15.475971460342407,0.0,False,False,True,False
unknown,PB154814,110,14048.0,0.9075697132583563,12749.53933185339,14288.0,0.9057879306434383,12941.897953033447,240.0,0.8014942549169064,192.35862118005753,0.0,False,False,True,False
unknown,PB154814,111,25728.0,0.9541696180376359,24548.875932872295,25776.0,0.9537402936190941,24583.609808325768,48.0,0.7236224052806696,34.73387545347214,0.0,False,False,True,False
unknown,PB154814,112,18256.0,0.9073295815734358,16564.208841204643,159696.0,0.740996522056147,118334.18058627844,140656.0,0.7184240109031992,101050.64767760038,0.0,False,False,False,True
unknown,PB154814,113,10272.0,1.0788708338020747,11082.16120481491,12240.0,1.0510035724957394,12864.28372734785,1968.0,0.9055500622626728,1782.12252253294,0.0,False,True,True,False
unknown,PB154814,117,784.0,0.7221791267547072,566.1884353756905,62696.0,0.7022823046341955,44030.29137134552,61912.0,0.7020303484941502,43464.10293596983,0.0,False,False,False,True
unknown,PB154817,1,104960.0,0.915482765122703,96089.0710272789,329756.0,0.717154020636536,236485.84122902155,224796.0,0.624551905735612,140396.77020174265,369.0,True,False,False,False
unknown,PB154817,2,91424.0,1.016325865592188,92916.57593590021,141744.0,0.9052488221021064,128313.58904004097,50640.0,0.702332453430876,35566.11544173956,1.0,True,False,False,False
unknown,PB154817,3,86624.0,1.1265766065833334,97588.57196867466,132708.0,0.9771674698487122,129677.94058868289,46084.0,0.6963234228801369,32089.36862000823,3187.0,True,False,False,False
unknown,PB154817,4,82880.0,0.9482350099004776,78589.71762055159,187984.0,0.679786947026883,127789.06944990158,105104.0,0.46810161201619344,49199.351829349995,0.0,False,False,False,True
unknown,PB154817,5,55916.0,0.9544476012690178,53368.8920725584,59996.0,0.9395899293619249,56371.63740199804,5124.0,0.7443383348862889,3813.989627957344,0.0,False,False,False,True
unknown,PB154817,6,48544.0,0.8546333875821446,41487.323166787624,49568.0,0.8582102699064589,42539.766658723354,2096.0,0.8016105720503185,1680.1757590174675,0.0,False,False,False,True
unknown,PB154817,8,43952.0,0.8481154280969304,37276.369295716286,135232.0,0.6936148024400828,93798.91696357727,91280.0,0.6192216002175831,56522.547667860985,0.0,False,False,False,True
unknown,PB154817,9,44544.0,0.9592915931629584,42730.68472585082,44544.0,0.9592915931629584,42730.68472585082,0.0,,0.0,0.0,False,False,True,False
unknown,PB154817,10,48656.0,0.9163254195826103,44584.72961521149,221679.0,0.6645264511699576,147311.55916890502,172459.0,0.5931796907010998,102299.17627862096,0.0,False,False,False,True
unknown,PB154817,11,46960.0,1.1641987566418908,54670.77361190319,61488.0,1.1147736132778896,68545.19993323088,14528.0,0.955012824981256,13874.426321327686,1867.0,True,False,False,False
unknown,PB154817,12,43296.0,1.0544550542713467,45653.68602973223,50976.0,1.0374947403559351,52887.331884384155,7680.0,0.9418809706578031,7233.645854651928,2213.0,True,False,False,False
unknown,PB154817,13,43904.0,1.0246478093885776,44986.13742339611,77520.0,0.9587670443466143,74323.62127774954,33824.0,0.8706827234765806,29449.97243887186,0.0,False,False,False,True
unknown,PB154817,14,39680.0,1.0252511502513963,40681.9656419754,194964.0,0.6934331622929245,135194.50305327773,155284.0,0.6086431146241875,94512.53741130233,0.0,False,False,False,True
unknown,PB154817,16,38376.0,0.8137262127975113,31227.557142317295,110100.0,0.6758872188187858,74415.18279194832,71724.0,0.6021363232618234,43187.62564963102,1.0,True,False,False,False
unknown,PB154817,17,51536.0,1.0109772165298685,52101.7218310833,53824.0,1.005025581100692,54094.49687716365,3936.0,0.7745618305010039,3048.6753648519516,0.0,False,False,False,True
unknown,PB154817,19,38976.0,1.1163240397144079,43509.84577190876,39008.0,1.1169366242976781,43569.46384060383,656.0,0.8525372152103157,559.2644131779671,484.0,True,False,True,False
unknown,PB154817,20,35488.0,1.0349386067736837,36727.90127718449,63104.0,0.929909822244847,58681.029422938824,27744.0,0.7947983607765816,22050.88572138548,112.0,True,False,False,False
unknown,PB154817,21,36032.0,0.9658931968353199,34803.06366837025,36048.0,0.9657454330786646,34813.1913716197,16.0,0.6329814530909061,10.127703249454498,478.0,True,False,True,False
unknown,PB154817,23,31904.0,1.1508359718907142,36716.27084720135,31904.0,1.149849163837275,36684.78772306442,720.0,0.8434002136190732,607.2481538057327,0.0,False,False,True,False
unknown,PB154817,24,33552.0,1.1878792876462085,39855.72585910559,37360.0,1.171739464074501,43776.18637782335,4352.0,1.0207711053354775,4442.395850419998,1635.0,True,False,False,False
unknown,PB154817,25,40624.0,1.1005809204803296,44709.99931359291,201088.0,0.8314106422660246,167186.70323199034,160464.0,0.76326592829792,122476.70391839743,7217.0,True,False,False,False
unknown,PB154817,26,39892.0,1.0067345141381352,40160.653237998486,40612.0,1.0032305624609357,40743.19960266352,720.0,0.809092173145877,582.5463646650314,112.0,True,False,True,False
unknown,PB154817,27,31840.0,0.8925231198812998,28417.936137020588,32496.0,0.8899171300936749,28918.74705952406,1520.0,0.7121508001496918,1082.4692162275314,327.0,True,False,True,False
unknown,PB154817,28,41408.0,0.9979804337191664,41324.373799443245,286016.0,0.7290459243017196,208518.79908508062,242752.0,0.6827533241511649,165739.73494434357,1063.0,True,False,False,False
unknown,PB154817,29,22240.0,1.0158121918254404,22591.663146197796,22240.0,1.0158121918254404,22591.663146197796,0.0,,0.0,0.0,False,False,True,False
unknown,PB154817,31,31705.0,0.8479501053054068,26884.258088707924,220545.0,0.643002757399875,141811.04313075542,185744.0,0.6066413221378429,112679.9857391715,0.0,False,False,False,True
unknown,PB154817,32,45264.0,0.9072574526387586,41066.10133624077,336368.0,0.6327114531833521,212823.88608437777,288352.0,0.5891949993799767,169895.55646121502,0.0,False,True,False,False
unknown,PB154817,33,22736.0,0.9812693014468298,22310.13883769512,22736.0,0.9812693014468298,22310.13883769512,0.0,,0.0,0.0,False,False,True,False
unknown,PB154817,34,30192.0,1.098511860309594,33166.270086467266,73600.0,0.8843807192146778,65090.42093420029,43408.0,0.7354439469160758,31924.15084773302,477.0,True,False,False,False
unknown,PB154817,35,28416.0,0.8795035826545712,24991.973804712296,120720.0,0.6928482627813353,83640.6422829628,92304.0,0.6353859906206719,58648.6684782505,0.0,False,False,False,True
unknown,PB154817,36,32336.0,0.9599607614049193,31041.29118078947,35184.0,0.949649949099406,33412.4838091135,2848.0,0.8325816812935505,2371.192628324032,283.0,True,False,False,False
unknown,PB154817,37,30736.0,1.1459210132409172,35221.02826297283,30784.0,1.1455333563450747,35264.09884172678,48.0,0.8973037240405878,43.07057875394821,4666.0,True,False,True,False
unknown,PB154817,39,35584.0,1.0583643217725183,37660.83602595329,35808.0,1.0571387845247158,37854.025596261024,224.0,0.8624534388738019,193.18957030773163,1.0,True,False,True,False
unknown,PB154817,40,34832.0,0.8713539649360652,30351.001306653023,102584.0,0.680123133027211,69769.75147846341,67848.0,0.5816797123326507,39465.805122345686,94.0,True,False,False,False
unknown,PB154817,41,47536.0,1.1386148283657442,54125.19448119402,144272.0,0.8951450637315,129144.36863467097,96736.0,0.7755041985762999,75019.17415347695,5338.0,True,False,False,False
unknown,PB154817,44,26928.0,0.9016300841249565,24279.09490531683,38800.0,0.8941196288322051,34691.841598689556,11872.0,0.8770844586735788,10412.746693372726,0.0,False,False,False,True
unknown,PB154817,45,29280.0,0.8937566341170685,26169.194246947765,76256.0,0.8671313832696501,66123.97076261044,46976.0,0.8505359442196584,39954.77651566267,9.0,True,False,False,False
unknown,PB154817,46,25744.0,1.00621568987168,25904.016720056534,25744.0,1.0051967311555587,25877.784646868706,768.0,0.8191860342243066,629.1348742842674,0.0,False,False,True,False
unknown,PB154817,47,39472.0,0.9438588522755162,37255.99661701918,43312.0,0.9326853983195056,40396.46997201443,4672.0,0.8127904320646027,3797.3568986058235,0.0,False,False,False,True
unknown,PB154817,48,35616.0,0.9941069493145553,35406.113106787205,72128.0,0.7683632934954391,55420.50763323903,36512.0,0.5481593592915158,20014.394526451826,0.0,False,False,False,True
unknown,PB154817,49,24684.0,0.9418440677492415,23248.478968322277,25308.0,0.9309319603145452,23560.02605164051,1188.0,0.5816178754323259,690.9620360136032,0.0,False,False,True,False
unknown,PB154817,50,36320.0,0.8665541462058669,31473.246590197086,113360.0,0.6439164819586273,72994.37239482999,77040.0,0.538955423216938,41521.1258046329,0.0,False,False,False,True
unknown,PB154817,51,31568.0,0.8619701076880497,27210.672359496355,105168.0,0.6251272697780419,65743.38470801711,73600.0,0.523542287344032,38532.712348520756,0.0,False,False,False,True
unknown,PB154817,52,31680.0,1.0268898544861287,32531.870590120554,44000.0,0.9924903066266667,43669.573491573334,13072.0,0.8858812530063357,11580.23973929882,0.0,False,False,False,True
unknown,PB154817,54,33968.0,1.020342044455091,34658.97856605053,33968.0,1.019157939729576,34618.75689673424,720.0,0.6629401108456983,477.31687980890274,103.0,True,False,True,False
unknown,PB154817,55,29376.0,0.97405063853171,28613.711557507515,33328.0,0.9570745014180029,31897.3789832592,4544.0,0.8277992975806266,3761.5200082063675,0.0,False,False,False,True
unknown,PB154817,57,24224.0,0.9677925226469296,23443.806068599224,24352.0,0.9656446738273845,23515.379097044468,848.0,0.7460036627807707,632.6111060380936,0.0,False,False,True,False
unknown,PB154817,58,27792.0,0.8517303787918186,23671.29068738222,103488.0,0.683712524904172,70756.04177728295,75888.0,0.6224779627636788,47238.60763821006,0.0,False,False,False,True
unknown,PB154817,59,23296.0,0.8586601918220397,20003.347828686237,284644.0,0.6725863332048705,191447.66422876716,258004.0,0.654517638419099,168868.16878268123,0.0,False,False,False,True
unknown,PB154817,60,32384.0,0.9674688059580788,31330.509812146425,33040.0,0.9648136771331399,31877.443892478943,672.0,0.685663781661008,460.76606127619743,5.0,True,False,True,False
unknown,PB154817,61,29712.0,1.2188452279970539,36214.32941424847,332544.0,0.6457091886068933,214726.71641609073,300320.0,0.5885582964458504,176755.8275886178,5.0,True,False,False,False
unknown,PB154817,62,32720.0,0.8608169708118608,28165.931284964085,171868.0,0.6194214559371009,106458.72678899765,139148.0,0.5626584320581939,78292.79550403357,0.0,False,False,False,True
unknown,PB154817,63,33776.0,1.0272954298586556,34697.930438905954,34080.0,1.0191574913436467,34732.887304991484,1488.0,0.6625633489300486,985.8942632079124,0.0,False,False,True,False
unknown,PB154817,64,25904.0,1.171718618226795,30352.199086546898,26304.0,1.1668893046101552,30693.85626846552,400.0,0.8541429547965527,341.65718191862106,1106.0,True,False,True,False
unknown,PB154817,65,31632.0,1.0155177618865419,32122.857843995094,31632.0,1.017559645796401,32187.446715831757,1360.0,0.7716999231892474,1049.5118955373764,193.0,True,False,True,False
unknown,PB154817,66,22160.0,0.89699290809272,19877.362843334675,31904.0,0.8428228685357715,26889.420797765255,10400.0,0.7309195205340019,7601.563013553619,0.0,False,False,False,True
unknown,PB154817,67,27904.0,0.9744883246865089,27192.122212052345,29632.0,0.960888298524073,28473.04206186533,2832.0,0.7462641883241592,2113.4201813340187,55.0,True,False,False,False
unknown,PB154817,68,28272.0,0.9478509482333619,26797.642008453608,157632.0,0.7239525109481095,114118.0822057724,128224.0,0.6737923598421786,86396.3515484035,0.0,False,False,False,True
unknown,PB154817,69,21840.0,0.8713910774993044,19031.18113258481,310352.0,0.62735675915445,194701.42491710186,287024.0,0.6080865277789076,174535.42754921317,0.0,False,False,False,True
unknown,PB154817,70,26020.0,0.9156329820332025,23824.77019250393,113956.0,0.711741982606185,81107.26936987042,87572.0,0.6504716829856682,56963.10622242093,0.0,False,False,False,True
unknown,PB154817,72,37136.0,0.9883921032804371,36704.929147422314,47060.0,0.9438436229863271,44417.28089773655,9924.0,0.7771414500518173,7712.351750314236,0.0,False,False,False,True
unknown,PB154817,73,21632.0,1.0125674667090354,21903.859439849854,21632.0,1.0125674667090354,21903.859439849854,0.0,,0.0,0.0,False,False,True,False
unknown,PB154817,75,23728.0,1.0462006997827011,24824.25020444393,23808.0,1.0454827599823275,24890.853549659252,80.0,0.8325418151915074,66.60334521532059,924.0,True,False,True,False
unknown,PB154817,76,23616.0,0.9841907665532253,23242.64914292097,23616.0,0.9867746967161048,23303.671237647533,720.0,0.8307770231531726,598.1594566702843,0.0,False,False,True,False
unknown,PB154817,77,24576.0,0.9386796716013729,23068.99160927534,24576.0,0.9340514679643093,22955.248876690865,800.0,0.6255335481464863,500.426838517189,4.0,True,False,True,False
unknown,PB154817,78,24736.0,0.999663494206859,24727.676192700863,34768.0,0.9622093661145247,33454.095241069794,10032.0,0.8698583580910019,8726.41904836893,96.0,True,False,False,False
unknown,PB154817,79,29344.0,0.8767227822957375,25726.553323686123,60496.0,0.8027409458908809,48562.61626261473,31072.0,0.7307047962712702,22704.459429740906,0.0,False,False,False,True
unknown,PB154817,80,22720.0,0.8719306377116853,19810.26408880949,23504.0,0.8583408877471623,20174.444225609303,1348.0,0.5874135102910882,791.8334118723869,0.0,False,False,True,False
unknown,PB154817,81,23632.0,0.8828140497207642,20862.6616230011,27600.0,0.8623053038703359,23799.62638682127,3968.0,0.7401624908820996,2936.9647638201714,0.0,False,False,False,True
unknown,PB154817,82,28264.0,0.8905134538666759,25169.47226008773,138228.0,0.6247439859702579,86357.11169269681,109400.0,0.5558338617908017,60808.22447991371,0.0,False,False,False,True
unknown,PB154817,83,20384.0,0.9910625698954288,20201.81942474842,26160.0,0.9505403218557346,24866.134819746017,6416.0,0.792391487933751,5083.983786582947,0.0,False,False,False,True
unknown,PB154817,84,23456.0,0.9222193045762722,21631.57600814104,125488.0,0.7173470111033483,90018.44172933698,101904.0,0.6701317725071125,68289.1081455648,0.0,False,False,False,True
unknown,PB154817,85,20368.0,1.0978117889965366,22360.23051828146,35232.0,1.0157326727591245,35786.293526649475,14864.0,0.9032604284424123,13426.063008368015,129.0,True,False,False,False
unknown,PB154817,86,21244.0,1.0802987366381662,22949.866361141205,21468.0,1.0785311953202292,23153.90770113468,224.0,0.9108988392565932,204.04133999347687,107.0,True,False,True,False
unknown,PB154817,87,20256.0,1.1250762895461743,22789.545321047306,20368.0,1.123753392859673,22888.60910576582,112.0,0.8844980778438705,99.06378471851349,1.0,True,False,True,False
unknown,PB154817,88,20864.0,0.9287150409329751,19376.710614025593,30512.0,0.8631325504451005,26335.90037918091,10256.0,0.7162202459276188,7345.554842233658,0.0,False,False,False,True
unknown,PB154817,89,17952.0,0.9672158672067598,17363.45924809575,46960.0,0.7600147931098785,35690.2946844399,28320.0,0.6316516023002944,17888.373377144337,0.0,False,False,False,True
unknown,PB154817,90,23728.0,0.8962739950745534,21266.789355129004,36368.0,0.8236519346760198,29954.57356029749,13136.0,0.6841209289435202,8986.612522602081,0.0,False,False,False,True
unknown,PB154817,93,20264.0,1.0069900486740349,20405.646346330643,26836.0,0.9601654593311811,25767.000266611576,6572.0,0.8157872672369041,5361.353920280933,0.0,False,False,False,True
unknown,PB154817,94,23196.0,1.0384203296557524,24087.197966694832,56732.0,0.869773158898796,49343.970850646496,33536.0,0.7531241914346274,25256.772883951664,451.0,True,False,False,False
unknown,PB154817,95,18288.0,1.1418027117268255,20881.287992060184,21696.0,1.1162397549831058,24217.937724113464,3408.0,0.9790638885132863,3336.64973205328,12.0,True,False,False,False
unknown,PB154817,96,23468.0,0.9310319034853521,21849.456710994244,27524.0,0.9057878563200867,24930.90495735407,4184.0,0.7560964829179798,3163.5076845288277,0.0,False,False,False,True
unknown,PB154817,97,13280.0,0.9155238492795861,12158.156718432903,18080.0,0.8859444554070983,16017.875753760338,4800.0,0.8041081323598822,3859.7190353274345,0.0,False,False,False,True
unknown,PB154817,98,20592.0,1.0312691895058197,21235.89515030384,21264.0,1.0195362533241554,21679.418890684843,1216.0,0.719313110347445,874.6847421824932,0.0,False,False,True,False
unknown,PB154817,99,15904.0,0.8615023242103562,13701.332964241505,32528.0,0.8107023098351653,26370.524734318256,16624.0,0.762102488575358,12669.191770076752,0.0,False,False,False,True
unknown,PB154817,100,19456.0,1.5011005473160797,29205.412248581648,44272.0,1.6304365730133241,72182.68796044588,25152.0,1.7184745700361619,43223.072385549545,3226.0,True,False,False,False
unknown,PB154817,101,15024.0,0.9105124896683823,13679.539644777775,40704.0,0.8400236610908928,34192.3231010437,25984.0,0.7988380688962898,20757.008382201195,0.0,False,False,False,True
unknown,PB154817,102,22976.0,0.9761956331416093,22429.070867061615,150935.0,0.7097228340607866,107122.01595896482,126835.0,0.6608563939558015,83819.72072738409,0.0,False,False,False,True
unknown,PB154817,103,21600.0,0.9689691468148872,20929.733571201563,51904.0,0.6657108679246134,34553.056888759136,30676.0,0.4527157970508256,13887.509790331125,63.0,True,False,False,False
unknown,PB154817,104,23152.0,0.8792645360273004,20356.732538104057,49776.0,0.7666800770230833,38162.267513900995,26992.0,0.6692353957467925,18064.001801997423,0.0,False,False,False,True
unknown,PB154817,105,11264.0,0.851751988557887,9594.13439911604,12480.0,0.8594303334466158,10725.690561413765,1216.0,0.930556054521156,1131.5561622977257,0.0,False,True,True,False
unknown,PB154817,106,26476.0,0.9090867528883527,24068.980869472027,176124.0,0.729054485177071,128403.99214732647,149648.0,0.6972028445275209,104335.01127785444,0.0,False,False,False,True
unknown,PB154817,109,19552.0,1.0421276948949758,20375.680690586567,108119.0,0.7503899544322276,81131.41148325801,88567.0,0.6859860985770257,60755.73079267144,2.0,True,False,False,False
unknown,PB154817,110,12272.0,1.0864369846574446,13332.754675716162,12688.0,1.0868172532259892,13789.53730893135,912.0,0.9132433679085552,832.8779515326023,0.0,False,False,True,False
unknown,PB154817,111,12080.0,0.9858709546361143,11909.321132004261,22720.0,0.9161752262375724,20815.501140117645,10704.0,0.8348311339358845,8936.032457649708,0.0,False,False,False,True
unknown,PB154817,112,10912.0,0.770084089241769,8403.157581806183,253900.0,0.5891583904726104,149587.3153409958,242988.0,0.581033457451354,141184.1577591896,0.0,False,False,False,True
unknown,PB154817,113,17392.0,0.9509833745980548,16539.50285100937,81412.0,0.7889474075557922,64229.78634393215,64020.0,0.7449278896114149,47690.28349292278,0.0,False,False,False,True
unknown,PB154817,114,14800.0,1.008531060585299,14926.259696662426,24976.0,0.9568221895388118,23897.591005921364,10176.0,0.8816166774035906,8971.331309258938,93.0,True,False,False,False
unknown,PB154820,1,52576.0,1.2903095389185195,67839.31431818008,138880.0,0.9608203962052558,133438.73662498593,86304.0,0.7600971253569457,65599.42230680585,217.0,True,False,False,False
unknown,PB154820,2,56144.0,1.37265324054658,77066.24353724718,60832.0,1.3511798970983302,82194.97550028563,4688.0,1.0940127907505215,5128.7319630384445,10734.0,True,False,False,False
unknown,PB154820,3,44900.0,1.3096600509552754,58803.736287891865,376604.0,0.9600571313362773,361561.3558897674,331000.0,0.912167631661874,301927.48608008027,1736.0,True,False,False,False
unknown,PB154820,4,40752.0,1.228818114093696,50076.7957855463,146340.0,0.9017513226526788,131962.288556993,105908.0,0.7760111645303627,82185.79041308165,0.0,False,False,False,True
unknown,PB154820,5,37232.0,1.4199604107091803,52867.9660115242,54288.0,1.2535094430369857,68050.52064359188,17184.0,0.8896731727095789,15288.143799841404,0.0,False,False,False,True
unknown,PB154820,6,35824.0,1.4349746613340246,51406.5322676301,161184.0,0.96888017328983,156167.98185154796,125360.0,0.8356848243771366,104761.44958391786,331.0,True,False,False,False
unknown,PB154820,7,36512.0,1.3819778258214386,50458.774376392365,110416.0,0.9535109576800348,105282.86590319872,73904.0,0.7418284737877023,54824.091526806355,952.0,True,False,False,False
unknown,PB154820,8,41408.0,1.3825939700231993,57250.451110720634,41440.0,1.3795757040266365,57169.617174863815,1056.0,0.8936181172276988,943.66073179245,33.0,True,False,True,False
unknown,PB154820,9,38800.0,1.3684984728862943,53097.740747988224,102064.0,1.128099566350365,115138.35413998365,63440.0,0.9806610593645073,62213.13760608435,830.0,True,False,False,False
unknown,PB154820,10,35472.0,1.4421796524073016,51156.9966301918,44144.0,1.3698289179003145,60469.72775179148,9568.0,1.0715393800923856,10252.488788723946,3366.0,True,False,False,False
unknown,PB154820,11,41760.0,1.1752946062505931,49080.302757024765,110736.0,0.9670813992622744,107090.72582870722,68976.0,0.8410232989979479,58010.42307168245,634.0,True,False,False,False
unknown,PB154820,13,37968.0,1.3952844259680397,52976.15908515453,67424.0,1.1664350006285582,78645.71348237991,29952.0,0.8737655287453284,26171.025116980076,1958.0,True,False,False,False
unknown,PB154820,14,37008.0,1.177296264742135,43569.380165576935,57008.0,1.0429614832634726,59457.148237884045,20384.0,0.7923802098338281,16151.87819725275,0.0,False,False,False,True
unknown,PB154820,15,31216.0,1.8727292193606808,58459.115311563015,49600.0,1.5952724989107059,79125.51594597101,19136.0,1.137955990492251,21775.925834059715,7379.0,True,False,False,False
unknown,PB154820,16,34960.0,1.2132068386731896,42413.711080014706,105376.0,0.921221531102603,97074.64006146789,70432.0,0.776180666181657,54667.95668050647,274.0,True,False,False,False
unknown,PB154820,17,44004.0,1.0937295489357923,48128.4750713706,244080.0,0.7393865574463855,180469.47094151378,198828.0,0.6609575133842277,131416.86047115922,7.0,True,False,False,False
unknown,PB154820,18,34596.0,1.2856386916815083,44477.95617741346,131048.0,0.9088271559346789,119099.9811309278,96452.0,0.773670063384008,74622.02495351434,72.0,True,False,False,False
unknown,PB154820,19,46364.0,1.116938954033295,51785.75766479969,47116.0,1.1126979722103993,52425.87765866518,1396.0,0.7478936684336567,1044.0595611333847,0.0,False,False,True,False
unknown,PB154820,20,37152.0,1.2936797186132267,48062.7889059186,110572.0,1.0273817742368538,113599.6575409174,73452.0,0.8924797332574747,65554.42136722803,493.0,True,False,False,False
unknown,PB154820,21,38560.0,1.284048528609125,49512.91126316786,114400.0,0.9454808882670803,108163.01361775398,75840.0,0.7733399572070955,58650.102354586124,2.0,True,False,False,False
unknown,PB154820,22,32656.0,1.722663783966137,56255.30852919817,44240.0,1.5994492261375808,70759.63376432657,12000.0,1.2498867057859897,14998.640469431877,2343.0,True,False,False,False
unknown,PB154820,23,34820.0,1.3474160674657718,46917.02746915817,422308.0,0.852420566922183,359984.0247757733,387488.0,0.8079398518318377,313066.9973066151,1871.0,True,True,False,False
unknown,PB154820,24,33056.0,1.1047762156917649,36519.48258590698,223520.0,0.696825764822369,155754.4949530959,190464.0,0.626023880456091,119235.01236718893,10.0,True,False,False,False
unknown,PB154820,25,36336.0,1.234674632939695,44863.13746249676,36336.0,1.2356801677113034,44899.67457395792,864.0,0.8062064646984692,696.5623854994774,0.0,False,False,True,False
unknown,PB154820,26,32080.0,1.3025501977364322,41785.81034338474,87284.0,0.9764871126487507,85231.70114043355,55204.0,0.7870062096414899,43445.89079704881,1479.0,True,False,False,False
unknown,PB154820,27,30320.0,1.5233514201358,46188.015058517456,42528.0,1.3961103224735834,59373.77979415655,12736.0,1.0890029111231243,13869.54107606411,1506.0,True,False,False,False
unknown,PB154820,28,37920.0,1.317470184947808,49958.46941322088,38288.0,1.316351451940221,50400.46439188719,368.0,1.2010733115932215,441.99497866630554,0.0,False,False,True,False
unknown,PB154820,29,32656.0,1.1881997240930868,38801.850189983845,49216.0,1.0742132209909907,52868.4778842926,16624.0,0.8497988725254981,14127.05645686388,622.0,True,False,False,False
unknown,PB154820,30,25952.0,1.471015700078242,38175.79944843054,47152.0,1.3450419936881537,63421.42008638382,21200.0,1.1908311621676075,25245.62063795328,1999.0,True,False,False,False
unknown,PB154820,31,19632.0,1.6499224948258835,32391.278418421745,19904.0,1.6457715861355569,32757.437650442123,272.0,1.346173647133743,366.1592320203781,4439.0,True,False,True,False
unknown,PB154820,32,37664.0,1.5436432320504316,58139.77869194746,37664.0,1.5447876933224645,58182.8836812973,672.0,0.9978917650878429,670.5832661390305,1038.0,True,False,True,False
unknown,PB154820,33,25760.0,1.8378241521948429,47342.35016053915,40016.0,1.6683297155932135,66759.88189917803,14256.0,1.3620603071435802,19417.531738638878,10183.0,True,False,False,False
unknown,PB154820,35,25264.0,0.8082346553177566,20419.240331947803,77152.0,0.602815100615315,46508.39064267278,51888.0,0.5027973772495562,26089.150310724974,0.0,False,False,False,True
unknown,PB154820,36,23424.0,1.142383380622547,26759.18830770254,23424.0,1.142383380622547,26759.18830770254,0.0,,0.0,0.0,False,False,True,False
unknown,PB154820,37,30688.0,1.4000718978071456,42965.40639990568,37760.0,1.3609415360079227,51389.15239965916,7072.0,1.1911405542637832,8423.745999753475,706.0,True,False,False,False
unknown,PB154820,38,27232.0,1.5708407256730366,42777.13464152813,134288.0,1.0688079537853312,143528.08249792457,105984.0,0.9368046980521615,99286.30911836028,1726.0,True,False,False,False
unknown,PB154820,39,30784.0,1.3287172355299928,40903.2313785553,101648.0,0.9374399923507049,95288.90034246445,70864.0,0.7674654121120619,54385.66896390915,33.0,True,False,False,False
unknown,PB154820,40,37344.0,1.3831247314523456,51651.40997135639,37776.0,1.3816296821369403,52192.44287240505,1408.0,1.1396249232559719,1604.5918919444084,695.0,True,False,True,False
unknown,PB154820,41,33936.0,1.0613104565888432,36016.631654798985,132112.0,0.7416145359921108,97976.17957898974,98176.0,0.6311068685237814,61959.54792419076,0.0,False,False,False,True
unknown,PB154820,42,41152.0,1.322444746858827,54421.24622273445,124580.0,0.8981441932307103,111890.80359268188,83428.0,0.6888521523942494,57469.55736994743,321.0,True,False,False,False
unknown,PB154820,43,33276.0,1.5621092446450215,51980.74722480774,129320.0,1.260045569377153,162949.09303185344,96044.0,1.155390714745801,110968.3458070457,3461.0,True,False,False,False
unknown,PB154820,44,41856.0,1.1392869954737934,47685.9964825511,44896.0,1.108359438039267,49760.905330210924,4096.0,0.7101448139364948,2908.7531578838825,170.0,True,False,False,False
unknown,PB154820,45,25112.0,1.0626055913205623,26684.151609241962,112917.0,0.7274807157638584,82144.9399819076,87805.0,0.6316358791944154,55460.788372665644,6.0,True,False,False,False
unknown,PB154820,47,26816.0,1.4740093586108423,39527.03496050835,26880.0,1.4732032871760783,39599.704359292984,64.0,1.1354593560099602,72.66939878463745,179.0,True,False,True,False
unknown,PB154820,49,26384.0,1.6380105260883844,43217.26972031593,54992.0,1.37124581584327,75407.5499048531,28608.0,1.1252195254662043,32190.280184537172,1854.0,True,False,False,False
unknown,PB154820,50,24720.0,1.4093970270483818,34840.294508636,24720.0,1.4128041730199046,34924.51915705204,736.0,0.993720092608229,731.3779881596565,0.0,False,False,True,False
unknown,PB154820,51,24329.0,1.3698985151613658,33328.26097536087,72269.0,0.9414540540641047,68037.94303315878,47940.0,0.7240234054609492,34709.68205779791,802.0,True,False,False,False
unknown,PB154820,52,44864.0,1.3960264554066575,62631.330895364285,49200.0,1.38905714380305,68341.61147511005,4336.0,1.3169466281701498,5710.2805797457695,210.0,True,False,False,False
unknown,PB154820,53,28608.0,1.4754136020830213,42208.632328391075,147216.0,1.03313735425035,152094.3487433195,117616.0,0.9262029037402529,108936.28072631359,1293.0,True,False,False,False
unknown,PB154820,54,25740.0,1.3162509019164588,33880.29821532965,25740.0,1.3146022228117404,33837.8612151742,708.0,0.8896013105993217,629.8377279043198,434.0,True,False,True,False
unknown,PB154820,55,17008.0,1.0912850342256386,18560.57586210966,97632.0,0.7752681787622411,75690.98282891512,80624.0,0.7086029838113398,57130.40696680546,0.0,False,False,False,True
unknown,PB154820,56,23424.0,1.624269593748788,38046.890963971615,32032.0,1.508995799152376,48336.153438448906,8608.0,1.1953139491725477,10289.262474477291,3272.0,True,False,False,False
unknown,PB154820,57,25696.0,1.4312720829400594,36777.96744322777,25712.0,1.4311649225879397,36798.11248958111,16.0,1.2590653970837593,20.14504635334015,3567.0,True,False,True,False
unknown,PB154820,58,22736.0,1.473226532591723,33495.27844500542,23120.0,1.4687898369937826,33958.42103129625,384.0,1.2061004851323862,463.14258629083633,32.0,True,False,True,False
unknown,PB154820,59,33936.0,1.301626769171563,44172.00603860617,34912.0,1.2976092330711928,45302.13354498148,976.0,1.1579175270238862,1130.1275063753128,85.0,True,False,True,False
unknown,PB154820,61,26144.0,1.126212676143504,29443.704205095768,40000.0,1.0303715969577432,41214.86387830973,13856.0,0.8495351958150952,11771.159673213959,0.0,False,False,False,True
unknown,PB154820,62,22656.0,1.2499877208091403,28319.721802651882,140965.0,0.9051014274740357,127587.62272387743,118145.0,0.8388003442894767,99100.06667608023,231.0,True,False,False,False
unknown,PB154820,63,24320.0,1.5028118891739533,36548.38514471054,24976.0,1.4904434002153122,37225.31436377764,1216.0,1.047050635428413,1273.2135726809502,268.0,True,False,True,False
unknown,PB154820,64,23856.0,1.1934090627271166,28469.96660041809,87152.0,0.848195395649043,73921.9251216054,63296.0,0.7180857956456539,45451.958521187305,0.0,False,False,False,True
unknown,PB154820,66,24820.0,1.2680673623642165,31473.431933879852,91024.0,0.9217704408303607,83903.23260614276,66204.0,0.7919430951643844,52429.80067226291,0.0,False,False,False,True
unknown,PB154820,67,28448.0,1.3270647275933096,37752.337370574474,184824.0,0.8632845047159752,159555.6952996254,154280.0,0.7761263217947969,119740.76892650127,2103.0,True,False,False,False
unknown,PB154820,68,25092.0,1.1370583598610509,28531.068365633488,37744.0,1.0391797325927203,39222.79982697964,12652.0,0.845062556224008,10691.73146134615,25.0,True,False,False,False
unknown,PB154820,69,30704.0,1.0952951161636388,33629.941246688366,45616.0,1.002956574189505,45750.867088228464,15792.0,0.8099487489476241,12790.71064338088,0.0,False,False,False,True
unknown,PB154820,73,22304.0,1.060142143641517,23645.410371780396,83988.0,0.8035702418172059,67490.25746974349,61684.0,0.7107977287134929,43844.847097963095,0.0,False,False,False,True
unknown,PB154820,74,23184.0,1.2747415598530742,29553.60832363367,53680.0,0.978092141847519,52503.98617437482,30496.0,0.7525701026607144,22950.377850741148,0.0,False,False,False,True
unknown,PB154820,75,22544.0,1.1137503566890639,25108.388041198254,147792.0,0.7898143861157267,116728.24775281549,124448.0,0.7307625422685262,90941.93686023355,75.0,True,False,False,False
unknown,PB154820,76,24880.0,1.0477338882504552,26067.619139671326,38560.0,0.98131740023981,37839.59895324707,13680.0,0.8605248401736656,11771.979813575745,0.0,False,False,False,True
unknown,PB154820,77,22224.0,1.4468793908390234,32155.447582006454,22512.0,1.4458452465056357,32548.86818933487,288.0,1.3660437754458852,393.4206073284149,3182.0,True,False,True,False
unknown,PB154820,78,31448.0,1.2206331188765625,38386.470322430134,355168.0,0.8262558905468201,293459.65213373303,321348.0,0.7872535318563012,252982.34795495868,1364.0,True,False,False,False
unknown,PB154820,79,26852.0,1.0575148299676054,28396.388214290142,73764.0,0.7868687356751741,58042.585418343544,46896.0,0.6318628292356648,29631.83923983574,303.0,True,False,False,False
unknown,PB154820,80,24580.0,1.1618377262058057,28557.971310138702,39012.0,1.0203780528781696,39806.98859888315,14432.0,0.779449645838723,11249.01728874445,63.0,True,False,False,False
unknown,PB154820,81,28272.0,1.2966052205293914,36657.62279480696,56676.0,1.0803101604596823,61227.65865421295,28404.0,0.865020273884171,24570.035859405994,42.0,True,False,False,False
unknown,PB154820,82,23104.0,1.1347936636863736,26218.272805809975,128868.0,0.8848273318576466,114025.9286018312,105764.0,0.8302225312584738,87807.65579602122,0.0,False,False,False,True
unknown,PB154820,83,21536.0,1.3594600341765744,29277.331296026707,21536.0,1.3594600341765744,29277.331296026707,0.0,,0.0,4496.0,True,False,True,False
unknown,PB154820,84,24400.0,1.1416744514273816,27856.85661482811,83008.0,0.8314872180699079,69020.09099754691,58608.0,0.7023483890035286,41163.2343827188,1.0,True,False,False,False
unknown,PB154820,85,26236.0,1.2557185353220808,32945.03149271011,27248.0,1.2441112518253672,33899.543389737606,1012.0,0.9431935741378384,954.5118970274925,1233.0,True,False,True,False
unknown,PB154820,86,24580.0,1.23123473100928,30263.749688208103,99992.0,0.8639437400909751,86387.46245917678,75412.0,0.7442278784672025,56123.712770968676,869.0,True,False,False,False
unknown,PB154820,87,19840.0,1.1753350218127092,23318.64683276415,50776.0,0.8857756933713591,44976.14660662413,31032.0,0.7004290298338126,21735.71365380287,0.0,False,False,False,True
unknown,PB154820,88,22624.0,1.1412643533716402,25819.96473067999,24208.0,1.1281201959232463,27309.533702909946,2336.0,0.9081425621901473,2121.421025276184,0.0,False,False,False,True
unknown,PB154820,89,26112.0,1.0441101587710755,27263.804465830326,26112.0,1.0445401820641778,27275.03323405981,784.0,0.8197675666638783,642.6977722644806,0.0,False,False,True,False
unknown,PB154820,91,20464.0,1.1739176084710528,24023.049939751625,20832.0,1.1705796664034211,24385.51561051607,368.0,0.9849610618599083,362.46567076444626,716.0,True,False,True,False
unknown,PB154820,92,20768.0,1.3391165397114169,27810.772296726704,167532.0,0.7884640145959799,132092.9532932937,145468.0,0.7083258400693592,103038.74330320954,0.0,False,False,False,True
unknown,PB154820,93,24672.0,1.19984435523714,29602.559932410717,70096.0,1.042310328681776,73061.78479927778,45424.0,0.9567458803026389,43459.224866867065,609.0,True,False,False,False
unknown,PB154820,94,19120.0,1.143903138783125,21871.428013533354,19168.0,1.1367010981146128,21788.2866486609,560.0,0.7486679432647568,419.25404822826385,0.0,False,False,True,False
unknown,PB154820,95,18304.0,1.6603431484932276,30390.920990020037,77248.0,0.8270543289973455,63888.29280638695,58944.0,0.5682914599682226,33497.37181636691,373.0,True,False,False,False
unknown,PB154820,96,21488.0,1.232528640965606,26484.57543706894,84268.0,0.8234888970676483,69393.76237809658,62780.0,0.6834849783534189,42909.18694102764,0.0,False,False,False,True
unknown,PB154820,97,22128.0,1.19379951901847,26416.395756840706,25328.0,1.1920024110469085,30191.037066996098,3808.0,1.1345938457285656,4320.533364534378,0.0,False,False,False,True
unknown,PB154820,98,23832.0,1.214127467490655,28935.085805237293,24360.0,1.2090946710266308,29453.546186208725,832.0,0.9171945194785411,763.1058402061462,1097.0,True,False,True,False
unknown,PB154820,99,26512.0,1.2512440491011327,33172.98222976923,26512.0,1.2512440491011327,33172.98222976923,0.0,,0.0,587.0,True,False,True,False
unknown,PB154820,100,28272.0,1.049128743865747,29660.9678465724,231760.0,0.6452648158991773,149546.57373279333,201552.0,0.5873520321016715,118381.9767741561,0.0,False,False,False,True
unknown,PB154820,101,22064.0,1.2897137352376853,28456.243854284286,22064.0,1.2897137352376853,28456.243854284286,0.0,,0.0,1183.0,True,False,True,False
unknown,PB154820,102,21376.0,1.1654129014824501,24911.866182088852,351353.0,0.8258448414472317,290163.0625770092,327397.0,0.8032584016809041,262984.39093512297,0.0,False,False,False,True
unknown,PB154820,103,24832.0,1.2428771957692681,30863.126525342464,26624.0,1.2367717696335883,32927.811594724655,1792.0,1.1521680074677403,2064.6850693821907,2540.0,True,False,True,False
unknown,PB154820,105,18336.0,1.1562630294856289,21201.23890864849,19732.0,1.1451787239526992,22596.66658103466,1396.0,0.9995900231992618,1395.4276723861694,62.0,True,False,True,False
unknown,PB154820,106,22288.0,1.1803733907795089,26308.162133693695,22288.0,1.177384350066423,26241.542394280434,532.0,0.818425933221229,435.40259647369385,61.0,True,False,True,False
unknown,PB154820,108,19408.0,1.2797105297974487,24836.621962308884,25536.0,1.2135820736441023,30990.031832575798,6128.0,1.0041465192994312,6153.409870266914,435.0,True,False,False,False
unknown,PB154820,109,17516.0,1.4091248574132216,24682.23100244999,18156.0,1.399592764188104,25411.006226599216,640.0,1.1387112877331673,728.7752241492271,1013.0,True,False,True,False
unknown,PB154820,111,12816.0,1.2602519455287935,16151.388933897018,70916.0,0.9734293818440196,69031.7180428505,58100.0,0.9101605698615056,52880.329108953476,0.0,False,False,False,True
unknown,PB154820,112,9216.0,1.509806651596187,13914.378101110458,9328.0,1.5209695247942854,14187.603727281094,128.0,1.242986905388534,159.10232388973236,555.0,True,True,True,False
unknown,PB154820,115,9824.0,1.067203224469765,10484.204477190971,63776.0,0.8653970863497211,55191.56457903981,53568.0,0.8260149009144123,44247.96621218324,0.0,False,False,False,True
unknown,PB154823,1,77056.0,1.3046324752964253,100529.76001644135,228248.0,0.9621524694301758,219609.37684249878,150004.0,0.7871943739441305,118082.30486911535,6695.0,True,False,False,False
unknown,PB154823,2,64032.0,1.1905355979351029,76232.37540698051,89296.0,1.1000112007253433,98226.60017997026,25264.0,0.8705757114071307,21994.22477298975,2074.0,True,False,False,False
unknown,PB154823,3,52768.0,1.102791096776805,58192.080594718456,99664.0,0.9278399932870591,92472.24509096146,46896.0,0.7309826956721895,34280.164496243,1321.0,True,False,False,False
unknown,PB154823,4,45328.0,1.2394608424189462,56182.281065166,92416.0,0.9756261008760022,90163.46173855662,47456.0,0.7234581445456204,34332.42970755696,3102.0,True,False,False,False
unknown,PB154823,5,68720.0,1.0232456032520678,70317.4378554821,134056.0,0.8711408124586922,116781.65275496244,65336.0,0.7111579358926219,46464.21489948034,0.0,False,False,False,True
unknown,PB154823,10,32576.0,1.0704459833522824,34870.84835368395,32832.0,1.0733132721878023,35239.02135246992,800.0,0.9665874823182822,773.2699858546257,10.0,True,False,True,False
unknown,PB154823,11,36864.0,1.0353921822889889,38168.69740790129,122464.0,0.7826065477993712,95841.1282697022,85600.0,0.673743351189263,57672.43086180091,4.0,True,False,False,False
unknown,PB154823,12,37536.0,1.2036366882620464,45179.70673060417,77808.0,0.949149798990252,73851.44755983353,40272.0,0.7119522454615951,28671.740829229355,6.0,True,False,False,False
unknown,PB154823,13,42112.0,1.0678855846947382,44970.797742664814,104460.0,0.8454548969511074,88316.21853551269,61948.0,0.6946266982484304,43030.73470309377,2562.0,True,False,False,False
unknown,PB154823,14,50992.0,1.1343976643730151,57845.205701708794,114080.0,0.9882442350312545,112738.90233236551,62544.0,0.8698410456201996,54403.338357269764,196.0,True,False,False,False
unknown,PB154823,15,36400.0,1.1518647895737009,41927.87834048271,37824.0,1.1449366122462146,43306.08242160082,2016.0,0.9340761958784054,1883.0976108908653,0.0,False,False,False,True
unknown,PB154823,16,32048.0,1.2730213601608993,40797.7885504365,122196.0,0.9540569218645498,116581.93962416053,88276.0,0.8358039007176924,73781.42513975501,13.0,True,False,False,False
unknown,PB154823,17,45616.0,1.2756089638880745,58188.17849671841,76016.0,1.1385688666184497,86549.45096486807,31360.0,0.9348412551118859,29316.621760308743,4733.0,True,False,False,False
unknown,PB154823,18,34416.0,1.071193241474865,36866.18659859896,65040.0,0.8329258792248966,54173.49918478727,30624.0,0.5651551915552611,17307.312586188316,11.0,True,False,False,False
unknown,PB154823,22,31872.0,1.1648678920609525,37126.66945576668,33200.0,1.1507700590089143,38205.565959095955,1972.0,0.8340402912295615,1644.7274543046951,863.0,True,False,True,False
unknown,PB154823,23,30688.0,1.0412782246287722,31954.74615740776,30688.0,1.0394171064834152,31897.632163763046,880.0,0.7247022554278374,637.7379847764969,0.0,False,False,True,False
unknown,PB154823,25,33824.0,1.3149980659100562,44478.49458134174,44752.0,1.2611119618288398,56437.28251576424,10928.0,1.0943253966345619,11958.787934422493,576.0,True,False,False,False
unknown,PB154823,26,45280.0,1.2062338081968442,54618.2668351531,65568.0,1.0902304625672252,71484.23096960783,20288.0,0.831327096532666,16865.964134454727,755.0,True,False,False,False
unknown,PB154823,27,33808.0,1.012729287609437,34238.35175549984,178521.0,0.7756626031902077,138472.06358411908,144681.0,0.7202276467184013,104203.25615486503,399.0,True,False,False,False
unknown,PB154823,28,37248.0,1.0601136480470883,39487.11316245794,76944.0,0.8833571154621125,67969.02989211679,39696.0,0.71750092527355,28481.916729658842,1747.0,True,False,False,False
unknown,PB154823,29,30768.0,1.1296989767484316,34758.578116595745,30848.0,1.1291384737343524,34831.6636377573,80.0,0.913569014519453,73.08552116155624,513.0,True,False,True,False
unknown,PB154823,30,27968.0,1.0459684152241362,29253.64463698864,85428.0,0.7452571706677771,63665.829575806856,57460.0,0.5988894002578875,34412.184938818216,776.0,True,False,False,False
unknown,PB154823,32,30096.0,0.9546778666876466,28731.985075831413,98080.0,0.7125770667257915,69889.55870446563,68464.0,0.6042522946788339,41369.52910289168,725.0,True,False,False,False
unknown,PB154823,33,25456.0,0.8445143525088867,21497.95735746622,90592.0,0.5945787542555199,53864.07850551605,65136.0,0.49690065628914626,32366.12114804983,0.0,False,False,False,True
unknown,PB154823,34,35632.0,1.107365587900205,39457.6506280601,91200.0,0.8308293808839823,75771.63953661919,55568.0,0.653505415141072,36313.988908559084,6.0,True,False,False,False
unknown,PB154823,35,35520.0,0.9106682262450524,32346.93539622426,300016.0,0.6518077669601344,195552.7590123117,263968.0,0.6166799531743546,162783.77387952805,54.0,True,False,False,False
unknown,PB154823,36,25712.0,1.093388508170769,28113.20532208681,25792.0,1.099141691148133,28349.06249809265,720.0,0.979492856727706,705.2348568439484,16.0,True,False,True,False
unknown,PB154823,37,31080.0,0.9998776943987401,31076.19874191284,287540.0,0.7506248282141029,215834.66310468316,256460.0,0.7204182498743287,184758.46436277032,6.0,True,False,False,False
unknown,PB154823,38,32020.0,1.0685312706537353,34214.37128633261,95384.0,0.8410514387057065,80222.85042950511,62436.0,0.7248361707674036,45255.87115803361,134.0,True,False,False,False
unknown,PB154823,39,31072.0,0.8944077456981926,27791.03747433424,31344.0,0.8933326277925598,28000.617885529995,272.0,0.7705162176314522,209.580411195755,0.0,False,False,True,False
unknown,PB154823,40,30416.0,0.9286843565033494,28246.863387405872,30752.0,0.9270328646981226,28508.114655196667,336.0,0.7775335350916499,261.2512677907944,0.0,False,False,True,False
unknown,PB154823,41,30736.0,0.9949169254986369,30579.766622126102,41488.0,0.9475235056104782,39310.85520076752,10752.0,0.8120432085790006,8731.088578641415,12.0,True,False,False,False
unknown,PB154823,42,27648.0,1.1070128643962864,30606.69167482853,40880.0,1.0615815763166738,43397.45483982563,13408.0,0.9638371381392983,12923.128348171711,2307.0,True,False,False,False
unknown,PB154823,44,25328.0,1.1275608160510067,28558.860348939896,25328.0,1.123516566743127,28456.42760246992,656.0,0.7368107180951572,483.3478310704231,0.0,False,False,True,False
unknown,PB154823,45,36440.0,0.9172928094193258,33426.14997524023,97527.0,0.691038774813252,67394.93859121203,61087.0,0.5560723004235238,33968.788615971804,152.0,True,False,False,False
unknown,PB154823,46,32672.0,1.1261707188417436,36794.24972599745,46624.0,1.0280679710306528,47932.64108133316,14016.0,0.7982540952432986,11188.329398930073,0.0,False,False,False,True
unknown,PB154823,47,25632.0,0.9325279912210247,23902.557470977306,122160.0,0.7195946234006974,87905.67919462919,95664.0,0.6603535216542805,63172.05929553509,0.0,False,False,False,True
unknown,PB154823,48,23488.0,1.0388788183064934,24401.185684382915,64816.0,0.9074002540121106,58814.05486404896,41328.0,0.8326768578122833,34412.86917966604,12.0,True,False,False,False
unknown,PB154823,49,27632.0,1.169907829378579,32326.893141388893,27696.0,1.1693918483578216,32387.476632118225,64.0,0.946617042645812,60.58349072933197,918.0,True,False,True,False
unknown,PB154823,50,27984.0,1.1654604778008981,32614.246010780334,178608.0,0.793221205622118,141675.65309375525,149584.0,0.7236066531441354,108239.97760391235,0.0,False,False,False,True
unknown,PB154823,51,29776.0,1.1946205318410477,35571.02095609903,30704.0,1.1948184982318784,36685.70716971159,1904.0,0.9906395215760259,1886.1776490807533,0.0,False,False,True,False
unknown,PB154823,52,28016.0,1.1705800840691762,32794.97163528204,30480.0,1.1622465493621945,35425.27482455969,3008.0,1.0131747353465317,3047.629603922367,0.0,False,False,False,True
unknown,PB154823,53,21408.0,1.2682813178157637,27151.36645179987,101160.0,0.9449497607054566,95591.11779296398,80072.0,0.8612206144343426,68959.65703898668,0.0,False,False,False,True
unknown,PB154823,54,25232.0,1.1069705687279028,27931.08139014244,25232.0,1.1093761553431547,27991.77915161848,816.0,0.8667069745122218,707.232891201973,0.0,False,False,True,False
unknown,PB154823,55,25140.0,0.9892578452043146,24869.94222843647,25444.0,0.9874344772207271,25124.28283840418,304.0,0.8366467433148309,254.3406099677086,35.0,True,False,True,False
unknown,PB154823,56,31888.0,1.0799724567986229,34438.161702394485,32080.0,1.0753553342975286,34497.39912426472,656.0,0.7017399815887939,460.34142792224884,0.0,False,False,True,False
unknown,PB154823,57,21056.0,1.2072184546043854,25419.191780149937,81808.0,0.7526757527090304,61574.89797762036,60752.0,0.59513606461467,36155.70619747043,702.0,True,False,False,False
unknown,PB154823,58,25744.0,1.2529031348740596,32254.73830419779,26000.0,1.2492181287682973,32479.67134797573,1296.0,0.9591711641829691,1243.085828781128,0.0,False,False,True,False
unknown,PB154823,59,31104.0,1.0958370929315624,34084.91693854332,48480.0,0.9567089483818106,46381.24981755018,17376.0,0.7076618829999346,12296.332879006863,43.0,True,False,False,False
unknown,PB154823,60,25668.0,0.9047407973229709,23222.886785686016,210584.0,0.6874765856219467,144771.56930661201,183732.0,0.6564583798316391,120612.41104322672,0.0,False,False,False,True
unknown,PB154823,62,27760.0,1.0971824209503722,30457.784005582333,108928.0,0.8135929277585874,88623.05043488741,81104.0,0.7167430454900007,58130.72796142101,0.0,False,False,False,True
unknown,PB154823,63,44272.0,1.0372176352137095,45919.699146181345,85824.0,0.8354418847316113,71700.96431520581,41552.0,0.6204578640985865,25781.265169024467,62.0,True,False,False,False
unknown,PB154823,64,21328.0,0.9512750674081045,20288.794637680054,73680.0,0.8174096724975057,60226.74466961622,52352.0,0.7628734342897343,39937.95003193617,20.0,True,False,False,False
unknown,PB154823,65,24928.0,0.9175733204151532,22873.267731308937,24960.0,0.9174720003627814,22900.101129055023,32.0,0.8385436795651913,26.83339774608612,0.0,False,False,True,False
unknown,PB154823,66,26320.0,0.8580339382869675,22583.453255712986,106812.0,0.6859879058400031,73271.74019858241,80492.0,0.6296852221721263,50684.622903078794,0.0,False,False,False,True
unknown,PB154823,68,21072.0,1.0048353243520203,21173.88995474577,55340.0,0.9309023807787232,51516.13775229454,33484.0,0.8829424830480455,29564.446102380753,0.0,False,False,False,True
unknown,PB154823,69,19008.0,1.0960367972200566,20833.467441558838,24128.0,1.0388779916494235,25066.04818251729,5536.0,0.8398147106461357,4649.214238137007,81.0,True,False,False,False
unknown,PB154823,70,22976.0,1.0709736657051323,24606.69094324112,296172.0,0.703248521124676,208282.52099853754,271324.0,0.6715131806928946,182197.64223831892,0.0,False,False,False,True
unknown,PB154823,71,26448.0,0.9274626094960601,24529.531095951796,166624.0,0.658749727854215,109763.51465398073,138960.0,0.6066226616006389,84296.28505602479,14.0,True,False,False,False
unknown,PB154823,72,23808.0,1.002687677025034,23871.988214612007,195104.0,0.644054120542304,125657.53513428569,171008.0,0.5936926353468719,101526.19018539786,0.0,False,False,False,True
unknown,PB154823,73,32208.0,0.9666333374392909,31133.326532244682,357796.0,0.6556455553116719,234587.35710829496,325588.0,0.6248818463089865,203454.03057605028,0.0,False,True,False,False
unknown,PB154823,74,22300.0,0.9664469374642778,21551.766705453396,159600.0,0.7010597647530468,111889.13845458627,137300.0,0.6579560943126939,90337.37174913287,0.0,False,False,False,True
unknown,PB154823,75,26560.0,1.1176851916227895,29685.718689501286,40656.0,1.0883864405858545,44249.4391284585,14096.0,1.033181075408429,14563.720438957214,16.0,True,False,False,False
unknown,PB154823,77,23960.0,1.0023253049247451,24015.714305996895,24504.0,0.9958120999511768,24401.379697203636,544.0,0.7089437338359216,385.66539120674133,0.0,False,False,True,False
unknown,PB154823,78,20528.0,0.9938737800836981,20402.240957558155,98564.0,0.6784168697443398,66867.4803494811,78036.0,0.595433381925303,46465.23939192295,203.0,True,False,False,False
unknown,PB154823,79,20768.0,0.9498849781215742,19727.211225628853,158832.0,0.628948745310158,99897.187115103,138064.0,0.5806725568538804,80169.97588947415,81.0,True,False,False,False
unknown,PB154823,80,21088.0,1.0526541902391136,22198.371563762426,82832.0,0.6632549880464288,54938.73716986179,61744.0,0.5302598731228843,32740.365606099367,447.0,True,False,False,False
unknown,PB154823,81,24624.0,0.965081008607455,23764.154755949974,24640.0,0.9650104100441004,23777.856503486633,16.0,0.8563592210412025,13.70174753665924,0.0,False,False,True,False
unknown,PB154823,82,18192.0,0.8616346337602342,15674.85725736618,103888.0,0.7010521385701103,72830.90457177162,85696.0,0.6669628374067103,57156.04731440544,0.0,False,False,False,True
unknown,PB154823,83,22800.0,1.0748697942129353,24507.031308054924,23312.0,1.07401483906107,25037.433928191662,1296.0,0.8795283422977836,1139.8687316179276,10.0,True,False,True,False
unknown,PB154823,84,26048.0,0.9619115977101852,25055.873297154903,28224.0,0.9470970776394567,26730.867919296026,2848.0,0.7738274721052038,2203.86064055562,10.0,True,False,False,False
unknown,PB154823,86,22460.0,0.916629423203738,20587.496845155954,59836.0,0.72981699161494,43669.32951027155,37632.0,0.6189044768673362,23290.613273471594,11.0,True,False,False,False
unknown,PB154823,87,18848.0,1.021679482193496,19256.614880383015,20288.0,1.0211100027770132,20716.279736340046,1440.0,1.0136561499701606,1459.6648559570312,23.0,True,False,True,False
unknown,PB154823,88,24368.0,1.0950040556955165,26683.058829188347,44640.0,1.005827000904094,44900.11732035875,20272.0,0.8986315356733626,18217.058491170406,2973.0,True,False,False,False
unknown,PB154823,89,17488.0,1.0812477379601044,18908.860441446304,18336.0,1.0737141883407069,19687.6233574152,1120.0,0.9187034488788672,1028.9478627443314,513.0,True,False,True,False
unknown,PB154823,90,20464.0,0.8894935386390822,18202.59577471018,97216.0,0.6817590195536638,66277.88484492898,76496.0,0.6261070480410853,47894.684746950865,0.0,False,False,False,True
unknown,PB154823,91,20800.0,1.4351717693186723,29851.572801828384,20976.0,1.4322786295003649,30043.476532399654,560.0,1.0676702084285872,597.8953167200089,1046.0,True,False,True,False
unknown,PB154823,92,22640.0,1.1437749621659097,25895.065143436193,45952.0,0.9630949877631854,44256.14087769389,23520.0,0.788050402267551,18534.945461332798,22.0,True,False,False,False
unknown,PB154823,93,26288.0,1.2189316793219642,32043.275986015797,41716.0,1.157003538975072,48265.5596318841,15428.0,1.0514832542045827,16222.283645868301,9.0,True,False,False,False
unknown,PB154823,95,24304.0,1.1172821163307136,27154.424555301666,67664.0,0.8258703646762527,55881.69235545397,43360.0,0.6625292389334018,28727.2678001523,0.0,False,False,False,True
unknown,PB154823,96,21344.0,0.9468436658304223,20209.431203484535,21344.0,0.9468436658304223,20209.431203484535,0.0,,0.0,0.0,False,False,True,False
unknown,PB154823,97,24592.0,1.2036383656243186,29599.874687433243,32832.0,1.1248781782289927,36932.00034761429,9216.0,0.8865122450515628,8170.096850395203,11.0,True,False,False,False
unknown,PB154823,98,17520.0,0.8940193121853076,15663.21834948659,49856.0,0.7253091331028567,36161.012139976025,32480.0,0.6326386113563929,20548.10209685564,410.0,True,False,False,False
unknown,PB154823,99,21220.0,0.9995997585770546,21211.5068770051,121876.0,0.7222887080585434,88029.65858334303,99968.0,0.6628016763427576,66258.95798063278,0.0,False,False,False,True
unknown,PB154823,100,25776.0,1.1081641556534392,28564.039276123047,56560.0,1.050407954301195,59411.07389527559,30784.0,1.0020476422541758,30847.034619152546,794.0,True,False,False,False
unknown,PB154823,101,13712.0,1.6739884419247177,22953.72951567173,13776.0,1.6833168305672974,23189.37265789509,592.0,1.328533593061808,786.4918870925903,2351.0,True,False,True,False
unknown,PB154823,102,23024.0,0.838291279953478,19300.818429648876,66032.0,0.6710839304713763,44313.01409688592,43040.0,0.5816511698240296,25034.266349226236,0.0,False,False,False,True
unknown,PB154823,103,17296.0,0.8589791386327073,14856.903181791306,136512.0,0.7251242212846393,98988.15769600868,118240.0,0.7036509179440863,83199.68453770876,0.0,False,False,False,True
unknown,PB154823,104,17040.0,1.0264403249596206,17490.543137311935,18624.0,1.0250097686373645,19089.781931102276,1584.0,1.0096204506252149,1599.2387937903404,0.0,False,False,True,False
unknown,PB154823,105,11216.0,0.8507131078518321,9541.59821766615,81616.0,0.5761558210422095,47023.53349018097,69360.0,0.5306089676284975,36803.03799471259,220.0,True,False,False,False
unknown,PB154823,106,12064.0,1.257532765560188,15170.87528371811,13056.0,1.2415867068978281,16210.156045258045,992.0,1.0476620580039677,1039.280761539936,1414.0,True,False,True,False
unknown,PB154823,107,14640.0,1.0625287160643788,15555.420403182507,16880.0,1.041293552210687,17577.035161316395,2240.0,0.9025065884526287,2021.6147581338882,818.0,True,False,False,False
unknown,PB154823,108,12112.0,0.8963094791877262,10856.10041192174,12112.0,0.8974796096465822,10870.273032039404,464.0,0.7133601302730626,330.99910044670105,0.0,False,False,True,False
unknown,PB154823,110,9424.0,1.021214871080703,9623.928945064545,9424.0,1.0256736156655593,9665.94815403223,416.0,0.8383945481708417,348.77213203907013,7.0,True,False,True,False
unknown,PB154823,112,9440.0,0.9302679258509208,8781.729220032692,73316.0,0.6685704592800523,49016.91179257631,63876.0,0.6298951495482438,40235.18257254362,0.0,False,False,False,True
unknown,PB154823,114,6512.0,0.9027947843422615,5878.9996356368065,9152.0,0.87472052469042,8005.442241966724,2912.0,0.8163070406682871,2377.086102426052,0.0,False,True,False,False
